-- 02_datos_cafeteriamysql.sql
USE cafeteria_db;

-- =====================================================
-- 1. PROVEEDORES
-- =====================================================
INSERT INTO proveedor (ruc, nombre, pais, telefono, email, activo) VALUES
('1790011111001', 'Café Grano Noble', 'Colombia', '022500001', 'ventas@cafe_noble.com', 1),
('1790011111002', 'Lecheros Unidos', 'Ecuador', '022500002', 'info@lecheros_unidos.com', 1),
('1790011111003', 'Dulce Repostería', 'Ecuador', '022500003', 'ventas@dulce_reposteria.com', 1),
('1790011111004', 'Sabor y Aroma', 'Estados Unidos', '022500004', 'contacto@sabor_aroma.com', 1),
('1790011111005', 'Distribuidora El Café', 'Brasil', '022500005', 'ventas@dist_elcafe.com', 1),
('1790011111006', 'Panadería El Trigal', 'Ecuador', '022500006', 'info@trigal_panaderia.com', 1);

-- =====================================================
-- 2. CATEGORÍAS (CON DUPLICADOS CONCEPTUALES)
-- =====================================================
INSERT INTO categoria_producto (codigo_categoria, nombre, descripcion) VALUES
('C01', 'Cafés Calientes', 'Bebidas calientes a base de café'),
('C02', 'Bebidas Heladas', 'Bebidas frías y frappés'),
('C03', 'Bebidas Caliente', 'Variante sin tilde introducida por otro sistema'),
('C04', 'Panadería', 'Productos de panadería y repostería'),
('C05', 'Snacks', 'Bocadillos salados y dulces'),
('C06', 'Complementos', 'Salsas, cremas y extras');

-- =====================================================
-- 3. PRODUCTOS
-- =====================================================
INSERT INTO producto (codigo_producto, nombre, codigo_categoria, ruc_proveedor, presentacion, tamanio, costo, precio_venta, dias_caducidad, activo) VALUES
('PRD001', 'Café Latte', 'C01', '1790011111001', 'Vaso 16 oz', 'Grande', 1.20, 4.50, 5, 1),
('PRD002', 'Capuchino', 'C01', '1790011111001', 'Vaso 12 oz', 'Mediano', 1.00, 3.80, 5, 1),
('PRD003', 'Espresso', 'C01', '1790011111001', 'Taza 2 oz', 'Pequeño', 0.60, 2.50, 7, 1),
('PRD004', 'Mocca', 'C01', '1790011111004', 'Vaso 16 oz', 'Grande', 1.40, 5.00, 5, 1),
('PRD005', 'Late', 'C03', '1790011111001', 'Vaso 12 oz', 'Mediano', 1.10, 4.20, 5, 1),
('PRD006', 'Té Chai', 'C01', '1790011111005', 'Vaso 12 oz', 'Mediano', 0.90, 3.50, 10, 1),
('PRD007', 'Chocolate Caliente', 'C01', '1790011111004', 'Vaso 12 oz', 'Mediano', 1.30, 4.00, 30, 1),
('PRD008', 'Americano', 'C01', '1790011111001', 'Taza 8 oz', 'Pequeño', 0.50, 2.00, 7, 1),
('PRD009', 'Frappé Vainilla', 'C02', '1790011111004', 'Vaso 16 oz', 'Grande', 1.80, 5.50, 3, 1),
('PRD010', 'Limonada Natural', 'C02', '1790011111002', 'Vaso 16 oz', 'Grande', 0.80, 3.00, 2, 1),
('PRD011', 'Té Helado', 'C02', '1790011111005', 'Vaso 12 oz', 'Mediano', 0.70, 2.80, 4, 1),
('PRD012', 'Croissant', 'C04', '1790011111003', 'Unidad', 'Mediano', 1.50, 3.50, 2, 1),
('PRD013', 'Pan de Banano', 'C04', '1790011111006', 'Rebanada', 'Mediano', 1.20, 3.00, 3, 1),
('PRD014', 'Galleta de Avena', 'C04', '1790011111006', 'Paquete x3', 'Pequeño', 0.80, 2.00, 10, 1),
('PRD015', 'Muffin Arándanos', 'C04', '1790011111003', 'Unidad', 'Grande', 1.60, 3.80, 3, 1),
('PRD016', 'Croissant Chocolate', 'C04', '1790011111003', 'Unidad', 'Mediano', 1.70, 4.00, 2, 1),
('PRD017', 'Almendras', 'C05', '1790011111005', 'Bolsa 50g', 'Pequeño', 1.00, 2.50, 30, 1),
('PRD018', 'Chips de Camote', 'C05', '1790011111006', 'Bolsa 40g', 'Pequeño', 0.90, 2.20, 20, 1),
('PRD019', 'Crema Batida', 'C06', '1790011111002', 'Porción', 'Pequeño', 0.50, 1.00, 2, 1),
('PRD020', 'Sirope Caramelo', 'C06', '1790011111004', 'Porción', 'Pequeño', 0.40, 0.80, 30, 1),
('PRD021', 'Pan de Queso', 'C04', '1790011111003', 'Unidad', 'Pequeño', 1.80, 4.20, 2, 1),
('PRD022', 'Jugo Natural', 'C02', '1790011111002', 'Vaso 16 oz', 'Grande', 1.00, 3.50, 1, 1);

-- =====================================================
-- 4. VENTAS ESTRUCTURADAS POR MES Y SUCURSAL (2025 Y 2026)
-- =====================================================

-- ============================================
-- ENERO 2025 - TODAS LAS SUCURSALES
-- ============================================
INSERT INTO venta (numero_venta, fecha_hora, tienda_origen, documento_cliente, forma_pago, descuento, es_para_llevar, estado, observacion) VALUES

-- Centro - Enero 2025 (10 ventas)
('V2025-01-C-01', '2025-01-05 09:15:00', 'CAFE CENTRO', '1712345601', 'EFECTIVO', 0.00, 'S', 'COMPLETADA', NULL),
('V2025-01-C-02', '2025-01-07 10:30:00', 'CENTRO CAFE', '1712345602', 'tarjeta', 0.00, 'N', 'COMPLETADA', NULL),
('V2025-01-C-03', '2025-01-10 14:20:00', 'Cafetería Centro', '1712345603', 'TARJETA', 0.00, 'S', 'COMPLETADA', NULL),
('V2025-01-C-04', '2025-01-12 08:45:00', 'EL CAFETAL CENTRO', '1712345604', 'EFECTIVO', 0.00, 'N', 'COMPLETADA', NULL),
('V2025-01-C-05', '2025-01-15 16:10:00', 'CAFE CENTRO', '1712345605', 'tarjeta', 0.00, 'S', 'COMPLETADA', NULL),
('V2025-01-C-06', '2025-01-18 11:30:00', 'CENTRO CAFE', '1712345606', 'EFECTIVO', 0.00, 'N', 'COMPLETADA', NULL),
('V2025-01-C-07', '2025-01-20 13:50:00', 'Cafetería Centro', '1712345607', 'TRANSFERENCIA', 0.00, 'S', 'COMPLETADA', NULL),
('V2025-01-C-08', '2025-01-22 09:00:00', 'EL CAFETAL CENTRO', '1712345608', 'EFECTIVO', 0.00, 'N', 'ANULADA', NULL),
('V2025-01-C-09', '2025-01-25 17:30:00', 'CAFE CENTRO', '1712345609', 'tarjeta', 0.00, 'S', 'COMPLETADA', NULL),
('V2025-01-C-10', '2025-01-28 10:15:00', 'CENTRO CAFE', '1712345610', 'EFECTIVO', 0.00, 'N', 'COMPLETADA', NULL),

-- Norte - Enero 2025 (12 ventas - más volumen)
('V2025-01-N-01', '2025-01-03 08:30:00', 'NORTE CAFE', '1712345611', 'EFECTIVO', 0.00, 'S', 'COMPLETADA', NULL),
('V2025-01-N-02', '2025-01-05 09:45:00', 'CAFE NORTE', '1712345612', 'tarjeta', 0.00, 'N', 'COMPLETADA', NULL),
('V2025-01-N-03', '2025-01-07 14:00:00', 'EL CAFETAL NORTE', '1712345613', 'TARJETA', 0.00, 'S', 'COMPLETADA', NULL),
('V2025-01-N-04', '2025-01-09 11:20:00', 'NORTE ', '1712345614', 'EFECTIVO', 0.00, 'N', 'COMPLETADA', 'Nombre con espacio'),
('V2025-01-N-05', '2025-01-11 16:40:00', 'CAFE NORTE', '1712345615', 'tarjeta', 0.00, 'S', 'COMPLETADA', NULL),
('V2025-01-N-06', '2025-01-13 10:10:00', 'NORTE CAFE', '1712345616', 'EFECTIVO', 0.00, 'N', 'COMPLETADA', NULL),
('V2025-01-N-07', '2025-01-15 13:30:00', 'EL CAFETAL NORTE', '1712345617', 'TRANSFERENCIA', 0.00, 'S', 'COMPLETADA', NULL),
('V2025-01-N-08', '2025-01-17 08:50:00', 'CAFE NORTE', '1712345618', 'EFECTIVO', 0.00, 'N', 'COMPLETADA', NULL),
('V2025-01-N-09', '2025-01-19 15:20:00', 'NORTE CAFE', '1712345619', 'tarjeta', 0.00, 'S', 'COMPLETADA', NULL),
('V2025-01-N-10', '2025-01-21 12:00:00', 'EL CAFETAL NORTE', '1712345620', 'EFECTIVO', 0.00, 'N', 'ANULADA', NULL),
('V2025-01-N-11', '2025-01-23 09:30:00', 'CAFE NORTE', '1712345621', 'TARJETA', 0.00, 'S', 'COMPLETADA', NULL),
('V2025-01-N-12', '2025-01-26 17:15:00', 'NORTE CAFE', '1712345622', 'EFECTIVO', 0.00, 'N', 'COMPLETADA', NULL),

-- Sur - Enero 2025 (8 ventas - menos volumen)
('V2025-01-S-01', '2025-01-04 09:00:00', 'SUR CAFE', '1712345623', 'EFECTIVO', 0.00, 'S', 'COMPLETADA', NULL),
('V2025-01-S-02', '2025-01-08 10:20:00', 'CAFE SUR', '1712345624', 'tarjeta', 0.00, 'N', 'COMPLETADA', NULL),
('V2025-01-S-03', '2025-01-11 14:50:00', 'EL CAFETAL SUR', '1712345625', 'TARJETA', 0.00, 'S', 'COMPLETADA', NULL),
('V2025-01-S-04', '2025-01-14 08:30:00', 'SUR ', '1712345626', 'EFECTIVO', 0.00, 'N', 'COMPLETADA', NULL),
('V2025-01-S-05', '2025-01-17 16:00:00', 'CAFE SUR', '1712345627', 'tarjeta', 0.00, 'S', 'COMPLETADA', NULL),
('V2025-01-S-06', '2025-01-21 11:10:00', 'SUR CAFE', '1712345628', 'EFECTIVO', 0.00, 'N', 'COMPLETADA', NULL),
('V2025-01-S-07', '2025-01-24 13:40:00', 'EL CAFETAL SUR', '1712345629', 'TRANSFERENCIA', 0.00, 'S', 'ANULADA', NULL),
('V2025-01-S-08', '2025-01-27 09:50:00', 'CAFE SUR', '1712345630', 'EFECTIVO', 0.00, 'N', 'COMPLETADA', NULL),

-- Valle - Enero 2025 (7 ventas - similar a Sur)
('V2025-01-V-01', '2025-01-06 10:00:00', 'VALLE', '1712345601', 'EFECTIVO', 0.00, 'S', 'COMPLETADA', NULL),
('V2025-01-V-02', '2025-01-09 15:30:00', 'Sucursal Valle', '1712345602', 'tarjeta', 0.00, 'N', 'COMPLETADA', NULL),
('V2025-01-V-03', '2025-01-12 08:20:00', 'CAFE VALLE', '1712345603', 'TARJETA', 0.00, 'S', 'COMPLETADA', NULL),
('V2025-01-V-04', '2025-01-16 12:45:00', 'Farmacia Valle', '1712345604', 'EFECTIVO', 0.00, 'N', 'COMPLETADA', NULL),
('V2025-01-V-05', '2025-01-19 17:20:00', 'VALLE', '1712345605', 'tarjeta', 0.00, 'S', 'COMPLETADA', NULL),
('V2025-01-V-06', '2025-01-23 09:10:00', 'Sucursal Valle', '1712345606', 'EFECTIVO', 0.00, 'N', 'COMPLETADA', NULL),
('V2025-01-V-07', '2025-01-26 14:00:00', 'CAFE VALLE', '1712345607', 'TRANSFERENCIA', 0.00, 'S', 'COMPLETADA', NULL);

-- ============================================
-- FEBRERO 2025 - TODAS LAS SUCURSALES
-- ============================================
INSERT INTO venta (numero_venta, fecha_hora, tienda_origen, documento_cliente, forma_pago, descuento, es_para_llevar, estado, observacion) VALUES

-- Centro - Febrero 2025
('V2025-02-C-01', '2025-02-02 09:30:00', 'CAFE CENTRO', '1712345608', 'EFECTIVO', 0.00, 'N', 'COMPLETADA', NULL),
('V2025-02-C-02', '2025-02-05 11:00:00', 'CENTRO CAFE', '1712345609', 'tarjeta', 0.00, 'S', 'COMPLETADA', NULL),
('V2025-02-C-03', '2025-02-08 14:30:00', 'Cafetería Centro', '1712345610', 'TARJETA', 0.00, 'N', 'COMPLETADA', NULL),
('V2025-02-C-04', '2025-02-11 08:15:00', 'EL CAFETAL CENTRO', '1712345611', 'EFECTIVO', 0.00, 'S', 'COMPLETADA', NULL),
('V2025-02-C-05', '2025-02-14 16:45:00', 'CAFE CENTRO', '1712345612', 'tarjeta', 0.00, 'N', 'ANULADA', NULL),
('V2025-02-C-06', '2025-02-17 10:30:00', 'CENTRO CAFE', '1712345613', 'EFECTIVO', 0.00, 'S', 'COMPLETADA', NULL),
('V2025-02-C-07', '2025-02-20 13:20:00', 'Cafetería Centro', '1712345614', 'TRANSFERENCIA', 0.00, 'N', 'COMPLETADA', NULL),
('V2025-02-C-08', '2025-02-23 09:50:00', 'EL CAFETAL CENTRO', '1712345615', 'EFECTIVO', 0.00, 'S', 'COMPLETADA', NULL),
('V2025-02-C-09', '2025-02-26 17:00:00', 'CAFE CENTRO', '1712345616', 'tarjeta', 0.00, 'N', 'COMPLETADA', NULL),

-- Norte - Febrero 2025
('V2025-02-N-01', '2025-02-01 08:30:00', 'NORTE CAFE', '1712345617', 'EFECTIVO', 0.00, 'S', 'COMPLETADA', NULL),
('V2025-02-N-02', '2025-02-03 10:15:00', 'CAFE NORTE', '1712345618', 'tarjeta', 0.00, 'N', 'COMPLETADA', NULL),
('V2025-02-N-03', '2025-02-06 14:00:00', 'EL CAFETAL NORTE', '1712345619', 'TARJETA', 0.00, 'S', 'COMPLETADA', NULL),
('V2025-02-N-04', '2025-02-09 11:30:00', 'NORTE ', '1712345620', 'EFECTIVO', 0.00, 'N', 'COMPLETADA', NULL),
('V2025-02-N-05', '2025-02-12 16:20:00', 'CAFE NORTE', '1712345621', 'tarjeta', 0.00, 'S', 'COMPLETADA', NULL),
('V2025-02-N-06', '2025-02-15 09:40:00', 'NORTE CAFE', '1712345622', 'EFECTIVO', 0.00, 'N', 'COMPLETADA', NULL),
('V2025-02-N-07', '2025-02-18 13:10:00', 'EL CAFETAL NORTE', '1712345623', 'TRANSFERENCIA', 0.00, 'S', 'COMPLETADA', NULL),
('V2025-02-N-08', '2025-02-21 08:55:00', 'CAFE NORTE', '1712345624', 'EFECTIVO', 0.00, 'N', 'ANULADA', NULL),
('V2025-02-N-09', '2025-02-24 15:45:00', 'NORTE CAFE', '1712345625', 'tarjeta', 0.00, 'S', 'COMPLETADA', NULL),
('V2025-02-N-10', '2025-02-27 12:30:00', 'EL CAFETAL NORTE', '1712345626', 'EFECTIVO', 0.00, 'N', 'COMPLETADA', NULL),

-- Sur - Febrero 2025
('V2025-02-S-01', '2025-02-04 09:00:00', 'SUR CAFE', '1712345627', 'EFECTIVO', 0.00, 'S', 'COMPLETADA', NULL),
('V2025-02-S-02', '2025-02-07 10:45:00', 'CAFE SUR', '1712345628', 'tarjeta', 0.00, 'N', 'COMPLETADA', NULL),
('V2025-02-S-03', '2025-02-10 14:20:00', 'EL CAFETAL SUR', '1712345629', 'TARJETA', 0.00, 'S', 'COMPLETADA', NULL),
('V2025-02-S-04', '2025-02-13 08:10:00', 'SUR ', '1712345630', 'EFECTIVO', 0.00, 'N', 'COMPLETADA', NULL),
('V2025-02-S-05', '2025-02-16 16:30:00', 'CAFE SUR', '1712345601', 'tarjeta', 0.00, 'S', 'COMPLETADA', NULL),
('V2025-02-S-06', '2025-02-19 11:50:00', 'SUR CAFE', '1712345602', 'EFECTIVO', 0.00, 'N', 'COMPLETADA', NULL),
('V2025-02-S-07', '2025-02-22 13:40:00', 'EL CAFETAL SUR', '1712345603', 'TRANSFERENCIA', 0.00, 'S', 'COMPLETADA', NULL),

-- Valle - Febrero 2025
('V2025-02-V-01', '2025-02-02 10:30:00', 'VALLE', '1712345604', 'EFECTIVO', 0.00, 'N', 'COMPLETADA', NULL),
('V2025-02-V-02', '2025-02-06 15:00:00', 'Sucursal Valle', '1712345605', 'tarjeta', 0.00, 'S', 'COMPLETADA', NULL),
('V2025-02-V-03', '2025-02-09 08:45:00', 'CAFE VALLE', '1712345606', 'TARJETA', 0.00, 'N', 'COMPLETADA', NULL),
('V2025-02-V-04', '2025-02-13 12:30:00', 'Farmacia Valle', '1712345607', 'EFECTIVO', 0.00, 'S', 'ANULADA', NULL),
('V2025-02-V-05', '2025-02-17 17:10:00', 'VALLE', '1712345608', 'tarjeta', 0.00, 'N', 'COMPLETADA', NULL),
('V2025-02-V-06', '2025-02-21 09:20:00', 'Sucursal Valle', '1712345609', 'EFECTIVO', 0.00, 'S', 'COMPLETADA', NULL),
('V2025-02-V-07', '2025-02-25 14:50:00', 'CAFE VALLE', '1712345610', 'TRANSFERENCIA', 0.00, 'N', 'COMPLETADA', NULL);

-- ============================================
-- MARZO 2025 - TODAS LAS SUCURSALES
-- ============================================
INSERT INTO venta (numero_venta, fecha_hora, tienda_origen, documento_cliente, forma_pago, descuento, es_para_llevar, estado, observacion) VALUES

-- Centro - Marzo 2025
('V2025-03-C-01', '2025-03-01 09:15:00', 'CAFE CENTRO', '1712345611', 'EFECTIVO', 0.00, 'S', 'COMPLETADA', NULL),
('V2025-03-C-02', '2025-03-04 11:30:00', 'CENTRO CAFE', '1712345612', 'tarjeta', 0.00, 'N', 'COMPLETADA', NULL),
('V2025-03-C-03', '2025-03-07 14:40:00', 'Cafetería Centro', '1712345613', 'TARJETA', 0.00, 'S', 'COMPLETADA', NULL),
('V2025-03-C-04', '2025-03-10 08:25:00', 'EL CAFETAL CENTRO', '1712345614', 'EFECTIVO', 0.00, 'N', 'COMPLETADA', NULL),
('V2025-03-C-05', '2025-03-13 16:50:00', 'CAFE CENTRO', '1712345615', 'tarjeta', 0.00, 'S', 'COMPLETADA', NULL),
('V2025-03-C-06', '2025-03-16 10:45:00', 'CENTRO CAFE', '1712345616', 'EFECTIVO', 0.00, 'N', 'ANULADA', NULL),
('V2025-03-C-07', '2025-03-19 13:10:00', 'Cafetería Centro', '1712345617', 'TRANSFERENCIA', 0.00, 'S', 'COMPLETADA', NULL),
('V2025-03-C-08', '2025-03-22 09:30:00', 'EL CAFETAL CENTRO', '1712345618', 'EFECTIVO', 0.00, 'N', 'COMPLETADA', NULL),
('V2025-03-C-09', '2025-03-25 17:20:00', 'CAFE CENTRO', '1712345619', 'tarjeta', 0.00, 'S', 'COMPLETADA', NULL),
('V2025-03-C-10', '2025-03-28 12:15:00', 'CENTRO CAFE', '1712345620', 'EFECTIVO', 0.00, 'N', 'COMPLETADA', NULL),

-- Norte - Marzo 2025 (14 ventas - más volumen)
('V2025-03-N-01', '2025-03-02 08:15:00', 'NORTE CAFE', '1712345621', 'EFECTIVO', 0.00, 'S', 'COMPLETADA', NULL),
('V2025-03-N-02', '2025-03-04 10:30:00', 'CAFE NORTE', '1712345622', 'tarjeta', 0.00, 'N', 'COMPLETADA', NULL),
('V2025-03-N-03', '2025-03-06 14:00:00', 'EL CAFETAL NORTE', '1712345623', 'TARJETA', 0.00, 'S', 'COMPLETADA', NULL),
('V2025-03-N-04', '2025-03-08 11:20:00', 'NORTE ', '1712345624', 'EFECTIVO', 0.00, 'N', 'COMPLETADA', NULL),
('V2025-03-N-05', '2025-03-10 16:40:00', 'CAFE NORTE', '1712345625', 'tarjeta', 0.00, 'S', 'COMPLETADA', NULL),
('V2025-03-N-06', '2025-03-12 09:10:00', 'NORTE CAFE', '1712345626', 'EFECTIVO', 0.00, 'N', 'COMPLETADA', NULL),
('V2025-03-N-07', '2025-03-14 13:30:00', 'EL CAFETAL NORTE', '1712345627', 'TRANSFERENCIA', 0.00, 'S', 'COMPLETADA', NULL),
('V2025-03-N-08', '2025-03-16 08:50:00', 'CAFE NORTE', '1712345628', 'EFECTIVO', 0.00, 'N', 'COMPLETADA', NULL),
('V2025-03-N-09', '2025-03-18 15:20:00', 'NORTE CAFE', '1712345629', 'tarjeta', 0.00, 'S', 'COMPLETADA', NULL),
('V2025-03-N-10', '2025-03-20 12:00:00', 'EL CAFETAL NORTE', '1712345630', 'EFECTIVO', 0.00, 'N', 'ANULADA', NULL),
('V2025-03-N-11', '2025-03-22 09:30:00', 'CAFE NORTE', '1712345601', 'TARJETA', 0.00, 'S', 'COMPLETADA', NULL),
('V2025-03-N-12', '2025-03-24 17:15:00', 'NORTE CAFE', '1712345602', 'EFECTIVO', 0.00, 'N', 'COMPLETADA', NULL),
('V2025-03-N-13', '2025-03-26 10:45:00', 'EL CAFETAL NORTE', '1712345603', 'tarjeta', 0.00, 'S', 'COMPLETADA', NULL),
('V2025-03-N-14', '2025-03-29 14:20:00', 'CAFE NORTE', '1712345604', 'EFECTIVO', 0.00, 'N', 'COMPLETADA', NULL),

-- Sur - Marzo 2025
('V2025-03-S-01', '2025-03-03 09:00:00', 'SUR CAFE', '1712345605', 'EFECTIVO', 0.00, 'S', 'COMPLETADA', NULL),
('V2025-03-S-02', '2025-03-06 10:45:00', 'CAFE SUR', '1712345606', 'tarjeta', 0.00, 'N', 'COMPLETADA', NULL),
('V2025-03-S-03', '2025-03-09 14:20:00', 'EL CAFETAL SUR', '1712345607', 'TARJETA', 0.00, 'S', 'COMPLETADA', NULL),
('V2025-03-S-04', '2025-03-12 08:10:00', 'SUR ', '1712345608', 'EFECTIVO', 0.00, 'N', 'COMPLETADA', NULL),
('V2025-03-S-05', '2025-03-15 16:30:00', 'CAFE SUR', '1712345609', 'tarjeta', 0.00, 'S', 'ANULADA', NULL),
('V2025-03-S-06', '2025-03-18 11:50:00', 'SUR CAFE', '1712345610', 'EFECTIVO', 0.00, 'N', 'COMPLETADA', NULL),
('V2025-03-S-07', '2025-03-21 13:40:00', 'EL CAFETAL SUR', '1712345611', 'TRANSFERENCIA', 0.00, 'S', 'COMPLETADA', NULL),
('V2025-03-S-08', '2025-03-24 09:20:00', 'CAFE SUR', '1712345612', 'EFECTIVO', 0.00, 'N', 'COMPLETADA', NULL),
('V2025-03-S-09', '2025-03-27 17:10:00', 'SUR CAFE', '1712345613', 'tarjeta', 0.00, 'S', 'COMPLETADA', NULL),

-- Valle - Marzo 2025
('V2025-03-V-01', '2025-03-01 10:30:00', 'VALLE', '1712345614', 'EFECTIVO', 0.00, 'N', 'COMPLETADA', NULL),
('V2025-03-V-02', '2025-03-05 15:00:00', 'Sucursal Valle', '1712345615', 'tarjeta', 0.00, 'S', 'COMPLETADA', NULL),
('V2025-03-V-03', '2025-03-08 08:45:00', 'CAFE VALLE', '1712345616', 'TARJETA', 0.00, 'N', 'COMPLETADA', NULL),
('V2025-03-V-04', '2025-03-12 12:30:00', 'Farmacia Valle', '1712345617', 'EFECTIVO', 0.00, 'S', 'COMPLETADA', NULL),
('V2025-03-V-05', '2025-03-16 17:10:00', 'VALLE', '1712345618', 'tarjeta', 0.00, 'N', 'COMPLETADA', NULL),
('V2025-03-V-06', '2025-03-20 09:20:00', 'Sucursal Valle', '1712345619', 'EFECTIVO', 0.00, 'S', 'COMPLETADA', NULL),
('V2025-03-V-07', '2025-03-24 14:50:00', 'CAFE VALLE', '1712345620', 'TRANSFERENCIA', 0.00, 'N', 'COMPLETADA', NULL),
('V2025-03-V-08', '2025-03-28 11:10:00', 'VALLE', '1712345621', 'EFECTIVO', 0.00, 'S', 'COMPLETADA', NULL);

-- ============================================
-- ABRIL A DICIEMBRE 2025 - DATOS RESUMIDOS
-- ============================================
INSERT INTO venta (numero_venta, fecha_hora, tienda_origen, documento_cliente, forma_pago, descuento, es_para_llevar, estado, observacion) VALUES

-- Meses intermedios (1-2 ventas por sucursal)
('V2025-04-C-01', '2025-04-05 09:00:00', 'CAFE CENTRO', '1712345622', 'EFECTIVO', 0.00, 'S', 'COMPLETADA', NULL),
('V2025-04-N-01', '2025-04-10 10:30:00', 'NORTE CAFE', '1712345623', 'tarjeta', 0.00, 'N', 'COMPLETADA', NULL),
('V2025-04-S-01', '2025-04-15 14:00:00', 'SUR CAFE', '1712345624', 'TARJETA', 0.00, 'S', 'COMPLETADA', NULL),
('V2025-04-V-01', '2025-04-20 08:30:00', 'VALLE', '1712345625', 'EFECTIVO', 0.00, 'N', 'COMPLETADA', NULL),

('V2025-05-C-01', '2025-05-05 09:00:00', 'CENTRO CAFE', '1712345626', 'EFECTIVO', 0.00, 'S', 'COMPLETADA', NULL),
('V2025-05-N-01', '2025-05-10 10:30:00', 'CAFE NORTE', '1712345627', 'tarjeta', 0.00, 'N', 'COMPLETADA', NULL),
('V2025-05-S-01', '2025-05-15 14:00:00', 'CAFE SUR', '1712345628', 'TARJETA', 0.00, 'S', 'COMPLETADA', NULL),
('V2025-05-V-01', '2025-05-20 08:30:00', 'Sucursal Valle', '1712345629', 'EFECTIVO', 0.00, 'N', 'COMPLETADA', NULL),

('V2025-06-C-01', '2025-06-05 09:00:00', 'Cafetería Centro', '1712345630', 'EFECTIVO', 0.00, 'S', 'COMPLETADA', NULL),
('V2025-06-N-01', '2025-06-10 10:30:00', 'EL CAFETAL NORTE', '1712345601', 'tarjeta', 0.00, 'N', 'COMPLETADA', NULL),
('V2025-06-S-01', '2025-06-15 14:00:00', 'EL CAFETAL SUR', '1712345602', 'TARJETA', 0.00, 'S', 'COMPLETADA', NULL),
('V2025-06-V-01', '2025-06-20 08:30:00', 'CAFE VALLE', '1712345603', 'EFECTIVO', 0.00, 'N', 'COMPLETADA', NULL),

('V2025-07-C-01', '2025-07-05 09:00:00', 'EL CAFETAL CENTRO', '1712345604', 'EFECTIVO', 0.00, 'S', 'COMPLETADA', NULL),
('V2025-07-N-01', '2025-07-10 10:30:00', 'NORTE ', '1712345605', 'tarjeta', 0.00, 'N', 'COMPLETADA', NULL),
('V2025-07-S-01', '2025-07-15 14:00:00', 'SUR ', '1712345606', 'TARJETA', 0.00, 'S', 'COMPLETADA', NULL),
('V2025-07-V-01', '2025-07-20 08:30:00', 'Farmacia Valle', '1712345607', 'EFECTIVO', 0.00, 'N', 'COMPLETADA', NULL),

('V2025-08-C-01', '2025-08-05 09:00:00', 'CAFE CENTRO', '1712345608', 'EFECTIVO', 0.00, 'S', 'COMPLETADA', NULL),
('V2025-08-N-01', '2025-08-10 10:30:00', 'CAFE NORTE', '1712345609', 'tarjeta', 0.00, 'N', 'COMPLETADA', NULL),
('V2025-08-S-01', '2025-08-15 14:00:00', 'CAFE SUR', '1712345610', 'TARJETA', 0.00, 'S', 'COMPLETADA', NULL),
('V2025-08-V-01', '2025-08-20 08:30:00', 'VALLE', '1712345611', 'EFECTIVO', 0.00, 'N', 'COMPLETADA', NULL),

('V2025-09-C-01', '2025-09-05 09:00:00', 'CENTRO CAFE', '1712345612', 'EFECTIVO', 0.00, 'S', 'COMPLETADA', NULL),
('V2025-09-N-01', '2025-09-10 10:30:00', 'NORTE CAFE', '1712345613', 'tarjeta', 0.00, 'N', 'COMPLETADA', NULL),
('V2025-09-S-01', '2025-09-15 14:00:00', 'SUR CAFE', '1712345614', 'TARJETA', 0.00, 'S', 'COMPLETADA', NULL),
('V2025-09-V-01', '2025-09-20 08:30:00', 'Sucursal Valle', '1712345615', 'EFECTIVO', 0.00, 'N', 'COMPLETADA', NULL),

('V2025-10-C-01', '2025-10-05 09:00:00', 'Cafetería Centro', '1712345616', 'EFECTIVO', 0.00, 'S', 'COMPLETADA', NULL),
('V2025-10-N-01', '2025-10-10 10:30:00', 'EL CAFETAL NORTE', '1712345617', 'tarjeta', 0.00, 'N', 'COMPLETADA', NULL),
('V2025-10-S-01', '2025-10-15 14:00:00', 'EL CAFETAL SUR', '1712345618', 'TARJETA', 0.00, 'S', 'COMPLETADA', NULL),
('V2025-10-V-01', '2025-10-20 08:30:00', 'CAFE VALLE', '1712345619', 'EFECTIVO', 0.00, 'N', 'COMPLETADA', NULL),

('V2025-11-C-01', '2025-11-05 09:00:00', 'EL CAFETAL CENTRO', '1712345620', 'EFECTIVO', 0.00, 'S', 'COMPLETADA', NULL),
('V2025-11-N-01', '2025-11-10 10:30:00', 'CAFE NORTE', '1712345621', 'tarjeta', 0.00, 'N', 'COMPLETADA', NULL),
('V2025-11-S-01', '2025-11-15 14:00:00', 'CAFE SUR', '1712345622', 'TARJETA', 0.00, 'S', 'COMPLETADA', NULL),
('V2025-11-V-01', '2025-11-20 08:30:00', 'VALLE', '1712345623', 'EFECTIVO', 0.00, 'N', 'COMPLETADA', NULL),

('V2025-12-C-01', '2025-12-05 09:00:00', 'CAFE CENTRO', '1712345624', 'EFECTIVO', 0.00, 'S', 'COMPLETADA', NULL),
('V2025-12-N-01', '2025-12-10 10:30:00', 'NORTE CAFE', '1712345625', 'tarjeta', 0.00, 'N', 'COMPLETADA', NULL),
('V2025-12-S-01', '2025-12-15 14:00:00', 'SUR CAFE', '1712345626', 'TARJETA', 0.00, 'S', 'COMPLETADA', NULL),
('V2025-12-V-01', '2025-12-20 08:30:00', 'Sucursal Valle', '1712345627', 'EFECTIVO', 0.00, 'N', 'COMPLETADA', NULL);

-- ============================================
-- 2026 - TODOS LOS MESES (DATOS COMPARABLES)
-- ============================================

-- ============================================
-- ENERO 2026 - TODAS LAS SUCURSALES
-- ============================================
INSERT INTO venta (numero_venta, fecha_hora, tienda_origen, documento_cliente, forma_pago, descuento, es_para_llevar, estado, observacion) VALUES

-- Centro - Enero 2026 (12 ventas - crecimiento)
('V2026-01-C-01', '2026-01-02 09:15:00', 'CAFE CENTRO', '1712345628', 'EFECTIVO', 0.00, 'S', 'COMPLETADA', NULL),
('V2026-01-C-02', '2026-01-04 10:30:00', 'CENTRO CAFE', '1712345629', 'tarjeta', 0.00, 'N', 'COMPLETADA', NULL),
('V2026-01-C-03', '2026-01-06 14:20:00', 'Cafetería Centro', '1712345630', 'TARJETA', 0.00, 'S', 'COMPLETADA', NULL),
('V2026-01-C-04', '2026-01-08 08:45:00', 'EL CAFETAL CENTRO', '1712345601', 'EFECTIVO', 0.00, 'N', 'COMPLETADA', NULL),
('V2026-01-C-05', '2026-01-10 16:10:00', 'CAFE CENTRO', '1712345602', 'tarjeta', 0.00, 'S', 'COMPLETADA', NULL),
('V2026-01-C-06', '2026-01-12 11:30:00', 'CENTRO CAFE', '1712345603', 'EFECTIVO', 0.00, 'N', 'COMPLETADA', NULL),
('V2026-01-C-07', '2026-01-14 13:50:00', 'Cafetería Centro', '1712345604', 'TRANSFERENCIA', 0.00, 'S', 'ANULADA', NULL),
('V2026-01-C-08', '2026-01-16 09:00:00', 'EL CAFETAL CENTRO', '1712345605', 'EFECTIVO', 0.00, 'N', 'COMPLETADA', NULL),
('V2026-01-C-09', '2026-01-18 17:30:00', 'CAFE CENTRO', '1712345606', 'tarjeta', 0.00, 'S', 'COMPLETADA', NULL),
('V2026-01-C-10', '2026-01-20 10:15:00', 'CENTRO CAFE', '1712345607', 'EFECTIVO', 0.00, 'N', 'COMPLETADA', NULL),
('V2026-01-C-11', '2026-01-22 14:45:00', 'Cafetería Centro', '1712345608', 'TARJETA', 0.00, 'S', 'COMPLETADA', NULL),
('V2026-01-C-12', '2026-01-25 08:30:00', 'EL CAFETAL CENTRO', '1712345609', 'EFECTIVO', 0.00, 'N', 'COMPLETADA', NULL),

-- Norte - Enero 2026 (15 ventas - mayor crecimiento)
('V2026-01-N-01', '2026-01-03 08:30:00', 'NORTE CAFE', '1712345610', 'EFECTIVO', 0.00, 'S', 'COMPLETADA', NULL),
('V2026-01-N-02', '2026-01-05 09:45:00', 'CAFE NORTE', '1712345611', 'tarjeta', 0.00, 'N', 'COMPLETADA', NULL),
('V2026-01-N-03', '2026-01-07 14:00:00', 'EL CAFETAL NORTE', '1712345612', 'TARJETA', 0.00, 'S', 'COMPLETADA', NULL),
('V2026-01-N-04', '2026-01-09 11:20:00', 'NORTE ', '1712345613', 'EFECTIVO', 0.00, 'N', 'COMPLETADA', NULL),
('V2026-01-N-05', '2026-01-11 16:40:00', 'CAFE NORTE', '1712345614', 'tarjeta', 0.00, 'S', 'COMPLETADA', NULL),
('V2026-01-N-06', '2026-01-13 10:10:00', 'NORTE CAFE', '1712345615', 'EFECTIVO', 0.00, 'N', 'COMPLETADA', NULL),
('V2026-01-N-07', '2026-01-15 13:30:00', 'EL CAFETAL NORTE', '1712345616', 'TRANSFERENCIA', 0.00, 'S', 'COMPLETADA', NULL),
('V2026-01-N-08', '2026-01-17 08:50:00', 'CAFE NORTE', '1712345617', 'EFECTIVO', 0.00, 'N', 'ANULADA', NULL),
('V2026-01-N-09', '2026-01-19 15:20:00', 'NORTE CAFE', '1712345618', 'tarjeta', 0.00, 'S', 'COMPLETADA', NULL),
('V2026-01-N-10', '2026-01-21 12:00:00', 'EL CAFETAL NORTE', '1712345619', 'EFECTIVO', 0.00, 'N', 'COMPLETADA', NULL),
('V2026-01-N-11', '2026-01-23 09:30:00', 'CAFE NORTE', '1712345620', 'TARJETA', 0.00, 'S', 'COMPLETADA', NULL),
('V2026-01-N-12', '2026-01-25 17:15:00', 'NORTE CAFE', '1712345621', 'EFECTIVO', 0.00, 'N', 'COMPLETADA', NULL),
('V2026-01-N-13', '2026-01-27 11:40:00', 'EL CAFETAL NORTE', '1712345622', 'tarjeta', 0.00, 'S', 'COMPLETADA', NULL),
('V2026-01-N-14', '2026-01-29 14:25:00', 'CAFE NORTE', '1712345623', 'EFECTIVO', 0.00, 'N', 'COMPLETADA', NULL),
('V2026-01-N-15', '2026-01-31 09:10:00', 'NORTE CAFE', '1712345624', 'TARJETA', 0.00, 'S', 'COMPLETADA', NULL),

-- Sur - Enero 2026 (10 ventas - leve crecimiento)
('V2026-01-S-01', '2026-01-04 09:00:00', 'SUR CAFE', '1712345625', 'EFECTIVO', 0.00, 'S', 'COMPLETADA', NULL),
('V2026-01-S-02', '2026-01-06 10:20:00', 'CAFE SUR', '1712345626', 'tarjeta', 0.00, 'N', 'COMPLETADA', NULL),
('V2026-01-S-03', '2026-01-08 14:50:00', 'EL CAFETAL SUR', '1712345627', 'TARJETA', 0.00, 'S', 'COMPLETADA', NULL),
('V2026-01-S-04', '2026-01-10 08:30:00', 'SUR ', '1712345628', 'EFECTIVO', 0.00, 'N', 'COMPLETADA', NULL),
('V2026-01-S-05', '2026-01-12 16:00:00', 'CAFE SUR', '1712345629', 'tarjeta', 0.00, 'S', 'COMPLETADA', NULL),
('V2026-01-S-06', '2026-01-15 11:10:00', 'SUR CAFE', '1712345630', 'EFECTIVO', 0.00, 'N', 'ANULADA', NULL),
('V2026-01-S-07', '2026-01-18 13:40:00', 'EL CAFETAL SUR', '1712345601', 'TRANSFERENCIA', 0.00, 'S', 'COMPLETADA', NULL),
('V2026-01-S-08', '2026-01-20 09:50:00', 'CAFE SUR', '1712345602', 'EFECTIVO', 0.00, 'N', 'COMPLETADA', NULL),
('V2026-01-S-09', '2026-01-23 16:30:00', 'SUR CAFE', '1712345603', 'tarjeta', 0.00, 'S', 'COMPLETADA', NULL),
('V2026-01-S-10', '2026-01-26 11:45:00', 'EL CAFETAL SUR', '1712345604', 'EFECTIVO', 0.00, 'N', 'COMPLETADA', NULL),

-- Valle - Enero 2026 (8 ventas - similar a 2025)
('V2026-01-V-01', '2026-01-03 10:00:00', 'VALLE', '1712345605', 'EFECTIVO', 0.00, 'S', 'COMPLETADA', NULL),
('V2026-01-V-02', '2026-01-06 15:30:00', 'Sucursal Valle', '1712345606', 'tarjeta', 0.00, 'N', 'COMPLETADA', NULL),
('V2026-01-V-03', '2026-01-09 08:20:00', 'CAFE VALLE', '1712345607', 'TARJETA', 0.00, 'S', 'COMPLETADA', NULL),
('V2026-01-V-04', '2026-01-12 12:45:00', 'Cafe Valle', '1712345608', 'EFECTIVO', 0.00, 'N', 'COMPLETADA', NULL),
('V2026-01-V-05', '2026-01-15 17:20:00', 'VALLE', '1712345609', 'tarjeta', 0.00, 'S', 'ANULADA', NULL),
('V2026-01-V-06', '2026-01-18 09:10:00', 'Sucursal Valle', '1712345610', 'EFECTIVO', 0.00, 'N', 'COMPLETADA', NULL),
('V2026-01-V-07', '2026-01-21 14:00:00', 'CAFE VALLE', '1712345611', 'TRANSFERENCIA', 0.00, 'S', 'COMPLETADA', NULL),
('V2026-01-V-08', '2026-01-24 16:40:00', 'VALLE', '1712345612', 'EFECTIVO', 0.00, 'N', 'COMPLETADA', NULL);

-- ============================================
-- FEBRERO 2026 - TODAS LAS SUCURSALES
-- ============================================
INSERT INTO venta (numero_venta, fecha_hora, tienda_origen, documento_cliente, forma_pago, descuento, es_para_llevar, estado, observacion) VALUES

-- Centro - Febrero 2026 (10 ventas)
('V2026-02-C-01', '2026-02-02 09:30:00', 'CAFE CENTRO', '1712345613', 'EFECTIVO', 0.00, 'N', 'COMPLETADA', NULL),
('V2026-02-C-02', '2026-02-05 11:00:00', 'CENTRO CAFE', '1712345614', 'tarjeta', 0.00, 'S', 'COMPLETADA', NULL),
('V2026-02-C-03', '2026-02-08 14:30:00', 'Cafetería Centro', '1712345615', 'TARJETA', 0.00, 'N', 'COMPLETADA', NULL),
('V2026-02-C-04', '2026-02-11 08:15:00', 'EL CAFETAL CENTRO', '1712345616', 'EFECTIVO', 0.00, 'S', 'COMPLETADA', NULL),
('V2026-02-C-05', '2026-02-14 16:45:00', 'CAFE CENTRO', '1712345617', 'tarjeta', 0.00, 'N', 'COMPLETADA', NULL),
('V2026-02-C-06', '2026-02-17 10:30:00', 'CENTRO CAFE', '1712345618', 'EFECTIVO', 0.00, 'S', 'ANULADA', NULL),
('V2026-02-C-07', '2026-02-20 13:20:00', 'Cafetería Centro', '1712345619', 'TRANSFERENCIA', 0.00, 'N', 'COMPLETADA', NULL),
('V2026-02-C-08', '2026-02-23 09:50:00', 'EL CAFETAL CENTRO', '1712345620', 'EFECTIVO', 0.00, 'S', 'COMPLETADA', NULL),
('V2026-02-C-09', '2026-02-26 17:00:00', 'CAFE CENTRO', '1712345621', 'tarjeta', 0.00, 'N', 'COMPLETADA', NULL),
('V2026-02-C-10', '2026-02-28 12:15:00', 'CENTRO CAFE', '1712345622', 'EFECTIVO', 0.00, 'S', 'COMPLETADA', NULL),

-- Norte - Febrero 2026 (13 ventas)
('V2026-02-N-01', '2026-02-01 08:30:00', 'NORTE CAFE', '1712345623', 'EFECTIVO', 0.00, 'S', 'COMPLETADA', NULL),
('V2026-02-N-02', '2026-02-03 10:15:00', 'CAFE NORTE', '1712345624', 'tarjeta', 0.00, 'N', 'COMPLETADA', NULL),
('V2026-02-N-03', '2026-02-06 14:00:00', 'EL CAFETAL NORTE', '1712345625', 'TARJETA', 0.00, 'S', 'COMPLETADA', NULL),
('V2026-02-N-04', '2026-02-09 11:30:00', 'NORTE ', '1712345626', 'EFECTIVO', 0.00, 'N', 'COMPLETADA', NULL),
('V2026-02-N-05', '2026-02-12 16:20:00', 'CAFE NORTE', '1712345627', 'tarjeta', 0.00, 'S', 'COMPLETADA', NULL),
('V2026-02-N-06', '2026-02-15 09:40:00', 'NORTE CAFE', '1712345628', 'EFECTIVO', 0.00, 'N', 'COMPLETADA', NULL),
('V2026-02-N-07', '2026-02-18 13:10:00', 'EL CAFETAL NORTE', '1712345629', 'TRANSFERENCIA', 0.00, 'S', 'ANULADA', NULL),
('V2026-02-N-08', '2026-02-21 08:55:00', 'CAFE NORTE', '1712345630', 'EFECTIVO', 0.00, 'N', 'COMPLETADA', NULL),
('V2026-02-N-09', '2026-02-24 15:45:00', 'NORTE CAFE', '1712345601', 'tarjeta', 0.00, 'S', 'COMPLETADA', NULL),
('V2026-02-N-10', '2026-02-27 12:30:00', 'EL CAFETAL NORTE', '1712345602', 'EFECTIVO', 0.00, 'N', 'COMPLETADA', NULL),

-- Sur - Febrero 2026 (8 ventas)
('V2026-02-S-01', '2026-02-04 09:00:00', 'SUR CAFE', '1712345603', 'EFECTIVO', 0.00, 'S', 'COMPLETADA', NULL),
('V2026-02-S-02', '2026-02-07 10:45:00', 'CAFE SUR', '1712345604', 'tarjeta', 0.00, 'N', 'COMPLETADA', NULL),
('V2026-02-S-03', '2026-02-10 14:20:00', 'EL CAFETAL SUR', '1712345605', 'TARJETA', 0.00, 'S', 'COMPLETADA', NULL),
('V2026-02-S-04', '2026-02-13 08:10:00', 'SUR ', '1712345606', 'EFECTIVO', 0.00, 'N', 'COMPLETADA', NULL),
('V2026-02-S-05', '2026-02-16 16:30:00', 'CAFE SUR', '1712345607', 'tarjeta', 0.00, 'S', 'COMPLETADA', NULL),
('V2026-02-S-06', '2026-02-19 11:50:00', 'SUR CAFE', '1712345608', 'EFECTIVO', 0.00, 'N', 'ANULADA', NULL),
('V2026-02-S-07', '2026-02-22 13:40:00', 'EL CAFETAL SUR', '1712345609', 'TRANSFERENCIA', 0.00, 'S', 'COMPLETADA', NULL),
('V2026-02-S-08', '2026-02-25 09:20:00', 'CAFE SUR', '1712345610', 'EFECTIVO', 0.00, 'N', 'COMPLETADA', NULL),

-- Valle - Febrero 2026 (7 ventas)
('V2026-02-V-01', '2026-02-02 10:30:00', 'VALLE', '1712345611', 'EFECTIVO', 0.00, 'N', 'COMPLETADA', NULL),
('V2026-02-V-02', '2026-02-06 15:00:00', 'Sucursal Valle', '1712345612', 'tarjeta', 0.00, 'S', 'COMPLETADA', NULL),
('V2026-02-V-03', '2026-02-09 08:45:00', 'CAFE VALLE', '1712345613', 'TARJETA', 0.00, 'N', 'COMPLETADA', NULL),
('V2026-02-V-04', '2026-02-13 12:30:00', 'Cafe Valle', '1712345614', 'EFECTIVO', 0.00, 'S', 'COMPLETADA', NULL),
('V2026-02-V-05', '2026-02-17 17:10:00', 'VALLE', '1712345615', 'tarjeta', 0.00, 'N', 'COMPLETADA', NULL),
('V2026-02-V-06', '2026-02-21 09:20:00', 'Sucursal Valle', '1712345616', 'EFECTIVO', 0.00, 'S', 'COMPLETADA', NULL),
('V2026-02-V-07', '2026-02-25 14:50:00', 'CAFE VALLE', '1712345617', 'TRANSFERENCIA', 0.00, 'N', 'COMPLETADA', NULL);

-- ============================================
-- MARZO 2026 - TODAS LAS SUCURSALES
-- ============================================
INSERT INTO venta (numero_venta, fecha_hora, tienda_origen, documento_cliente, forma_pago, descuento, es_para_llevar, estado, observacion) VALUES

-- Centro - Marzo 2026 (11 ventas)
('V2026-03-C-01', '2026-03-01 09:15:00', 'CAFE CENTRO', '1712345618', 'EFECTIVO', 0.00, 'S', 'COMPLETADA', NULL),
('V2026-03-C-02', '2026-03-04 11:30:00', 'CENTRO CAFE', '1712345619', 'tarjeta', 0.00, 'N', 'COMPLETADA', NULL),
('V2026-03-C-03', '2026-03-07 14:40:00', 'Cafetería Centro', '1712345620', 'TARJETA', 0.00, 'S', 'COMPLETADA', NULL),
('V2026-03-C-04', '2026-03-10 08:25:00', 'EL CAFETAL CENTRO', '1712345621', 'EFECTIVO', 0.00, 'N', 'ANULADA', NULL),
('V2026-03-C-05', '2026-03-13 16:50:00', 'CAFE CENTRO', '1712345622', 'tarjeta', 0.00, 'S', 'COMPLETADA', NULL),
('V2026-03-C-06', '2026-03-16 10:45:00', 'CENTRO CAFE', '1712345623', 'EFECTIVO', 0.00, 'N', 'COMPLETADA', NULL),
('V2026-03-C-07', '2026-03-19 13:10:00', 'Cafetería Centro', '1712345624', 'TRANSFERENCIA', 0.00, 'S', 'COMPLETADA', NULL),
('V2026-03-C-08', '2026-03-22 09:30:00', 'EL CAFETAL CENTRO', '1712345625', 'EFECTIVO', 0.00, 'N', 'COMPLETADA', NULL),
('V2026-03-C-09', '2026-03-25 17:20:00', 'CAFE CENTRO', '1712345626', 'tarjeta', 0.00, 'S', 'COMPLETADA', NULL),
('V2026-03-C-10', '2026-03-28 12:15:00', 'CENTRO CAFE', '1712345627', 'EFECTIVO', 0.00, 'N', 'COMPLETADA', NULL),
('V2026-03-C-11', '2026-03-31 09:45:00', 'Cafetería Centro', '1712345628', 'TARJETA', 0.00, 'S', 'COMPLETADA', NULL),

-- Norte - Marzo 2026 (16 ventas - fuerte crecimiento)
('V2026-03-N-01', '2026-03-02 08:15:00', 'NORTE CAFE', '1712345629', 'EFECTIVO', 0.00, 'S', 'COMPLETADA', NULL),
('V2026-03-N-02', '2026-03-04 10:30:00', 'CAFE NORTE', '1712345630', 'tarjeta', 0.00, 'N', 'COMPLETADA', NULL),
('V2026-03-N-03', '2026-03-06 14:00:00', 'EL CAFETAL NORTE', '1712345601', 'TARJETA', 0.00, 'S', 'COMPLETADA', NULL),
('V2026-03-N-04', '2026-03-08 11:20:00', 'NORTE ', '1712345602', 'EFECTIVO', 0.00, 'N', 'COMPLETADA', NULL),
('V2026-03-N-05', '2026-03-10 16:40:00', 'CAFE NORTE', '1712345603', 'tarjeta', 0.00, 'S', 'COMPLETADA', NULL),
('V2026-03-N-06', '2026-03-12 09:10:00', 'NORTE CAFE', '1712345604', 'EFECTIVO', 0.00, 'N', 'COMPLETADA', NULL),
('V2026-03-N-07', '2026-03-14 13:30:00', 'EL CAFETAL NORTE', '1712345605', 'TRANSFERENCIA', 0.00, 'S', 'COMPLETADA', NULL),
('V2026-03-N-08', '2026-03-16 08:50:00', 'CAFE NORTE', '1712345606', 'EFECTIVO', 0.00, 'N', 'ANULADA', NULL),
('V2026-03-N-09', '2026-03-18 15:20:00', 'NORTE CAFE', '1712345607', 'tarjeta', 0.00, 'S', 'COMPLETADA', NULL),
('V2026-03-N-10', '2026-03-20 12:00:00', 'EL CAFETAL NORTE', '1712345608', 'EFECTIVO', 0.00, 'N', 'COMPLETADA', NULL),
('V2026-03-N-11', '2026-03-22 09:30:00', 'CAFE NORTE', '1712345609', 'TARJETA', 0.00, 'S', 'COMPLETADA', NULL),
('V2026-03-N-12', '2026-03-24 17:15:00', 'NORTE CAFE', '1712345610', 'EFECTIVO', 0.00, 'N', 'COMPLETADA', NULL),
('V2026-03-N-13', '2026-03-26 10:45:00', 'EL CAFETAL NORTE', '1712345611', 'tarjeta', 0.00, 'S', 'COMPLETADA', NULL),
('V2026-03-N-14', '2026-03-28 14:20:00', 'CAFE NORTE', '1712345612', 'EFECTIVO', 0.00, 'N', 'COMPLETADA', NULL),
('V2026-03-N-15', '2026-03-30 11:30:00', 'NORTE CAFE', '1712345613', 'TARJETA', 0.00, 'S', 'COMPLETADA', NULL),

-- Sur - Marzo 2026 (10 ventas)
('V2026-03-S-01', '2026-03-03 09:00:00', 'SUR CAFE', '1712345614', 'EFECTIVO', 0.00, 'S', 'COMPLETADA', NULL),
('V2026-03-S-02', '2026-03-06 10:45:00', 'CAFE SUR', '1712345615', 'tarjeta', 0.00, 'N', 'COMPLETADA', NULL),
('V2026-03-S-03', '2026-03-09 14:20:00', 'EL CAFETAL SUR', '1712345616', 'TARJETA', 0.00, 'S', 'COMPLETADA', NULL),
('V2026-03-S-04', '2026-03-12 08:10:00', 'SUR ', '1712345617', 'EFECTIVO', 0.00, 'N', 'ANULADA', NULL),
('V2026-03-S-05', '2026-03-15 16:30:00', 'CAFE SUR', '1712345618', 'tarjeta', 0.00, 'S', 'COMPLETADA', NULL),
('V2026-03-S-06', '2026-03-18 11:50:00', 'SUR CAFE', '1712345619', 'EFECTIVO', 0.00, 'N', 'COMPLETADA', NULL),
('V2026-03-S-07', '2026-03-21 13:40:00', 'EL CAFETAL SUR', '1712345620', 'TRANSFERENCIA', 0.00, 'S', 'COMPLETADA', NULL),
('V2026-03-S-08', '2026-03-24 09:20:00', 'CAFE SUR', '1712345621', 'EFECTIVO', 0.00, 'N', 'COMPLETADA', NULL),
('V2026-03-S-09', '2026-03-27 17:10:00', 'SUR CAFE', '1712345622', 'tarjeta', 0.00, 'S', 'COMPLETADA', NULL),
('V2026-03-S-10', '2026-03-30 12:30:00', 'EL CAFETAL SUR', '1712345623', 'EFECTIVO', 0.00, 'N', 'COMPLETADA', NULL),

-- Valle - Marzo 2026 (9 ventas)
('V2026-03-V-01', '2026-03-01 10:30:00', 'VALLE', '1712345624', 'EFECTIVO', 0.00, 'N', 'COMPLETADA', NULL),
('V2026-03-V-02', '2026-03-05 15:00:00', 'Sucursal Valle', '1712345625', 'tarjeta', 0.00, 'S', 'COMPLETADA', NULL),
('V2026-03-V-03', '2026-03-08 08:45:00', 'CAFE VALLE', '1712345626', 'TARJETA', 0.00, 'N', 'COMPLETADA', NULL),
('V2026-03-V-04', '2026-03-12 12:30:00', 'Cafe Valle', '1712345627', 'EFECTIVO', 0.00, 'S', 'COMPLETADA', NULL),
('V2026-03-V-05', '2026-03-16 17:10:00', 'VALLE', '1712345628', 'tarjeta', 0.00, 'N', 'ANULADA', NULL),
('V2026-03-V-06', '2026-03-20 09:20:00', 'Sucursal Valle', '1712345629', 'EFECTIVO', 0.00, 'S', 'COMPLETADA', NULL),
('V2026-03-V-07', '2026-03-24 14:50:00', 'CAFE VALLE', '1712345630', 'TRANSFERENCIA', 0.00, 'N', 'COMPLETADA', NULL),
('V2026-03-V-08', '2026-03-28 11:10:00', 'VALLE', '1712345601', 'EFECTIVO', 0.00, 'S', 'COMPLETADA', NULL),
('V2026-03-V-09', '2026-03-31 16:00:00', 'Sucursal Valle', '1712345602', 'tarjeta', 0.00, 'N', 'COMPLETADA', NULL);

-- ============================================
-- ABRIL A DICIEMBRE 2026 (DATOS COMPARABLES)
-- ============================================
INSERT INTO venta (numero_venta, fecha_hora, tienda_origen, documento_cliente, forma_pago, descuento, es_para_llevar, estado, observacion) VALUES

-- Meses intermedios - todas las sucursales (2-3 ventas por mes)
('V2026-04-C-01', '2026-04-05 09:00:00', 'CAFE CENTRO', '1712345603', 'EFECTIVO', 0.00, 'S', 'COMPLETADA', NULL),
('V2026-04-N-01', '2026-04-10 10:30:00', 'NORTE CAFE', '1712345604', 'tarjeta', 0.00, 'N', 'COMPLETADA', NULL),
('V2026-04-S-01', '2026-04-15 14:00:00', 'SUR CAFE', '1712345605', 'TARJETA', 0.00, 'S', 'COMPLETADA', NULL),
('V2026-04-V-01', '2026-04-20 08:30:00', 'VALLE', '1712345606', 'EFECTIVO', 0.00, 'N', 'COMPLETADA', NULL),

('V2026-05-C-01', '2026-05-05 09:00:00', 'CENTRO CAFE', '1712345607', 'EFECTIVO', 0.00, 'S', 'COMPLETADA', NULL),
('V2026-05-N-01', '2026-05-10 10:30:00', 'CAFE NORTE', '1712345608', 'tarjeta', 0.00, 'N', 'COMPLETADA', NULL),
('V2026-05-S-01', '2026-05-15 14:00:00', 'CAFE SUR', '1712345609', 'TARJETA', 0.00, 'S', 'ANULADA', NULL),
('V2026-05-V-01', '2026-05-20 08:30:00', 'Sucursal Valle', '1712345610', 'EFECTIVO', 0.00, 'N', 'COMPLETADA', NULL),

('V2026-06-C-01', '2026-06-05 09:00:00', 'Cafetería Centro', '1712345611', 'EFECTIVO', 0.00, 'S', 'COMPLETADA', NULL),
('V2026-06-N-01', '2026-06-10 10:30:00', 'EL CAFETAL NORTE', '1712345612', 'tarjeta', 0.00, 'N', 'COMPLETADA', NULL),
('V2026-06-S-01', '2026-06-15 14:00:00', 'EL CAFETAL SUR', '1712345613', 'TARJETA', 0.00, 'S', 'COMPLETADA', NULL),
('V2026-06-V-01', '2026-06-20 08:30:00', 'CAFE VALLE', '1712345614', 'EFECTIVO', 0.00, 'N', 'COMPLETADA', NULL),

('V2026-07-C-01', '2026-07-05 09:00:00', 'EL CAFETAL CENTRO', '1712345615', 'EFECTIVO', 0.00, 'S', 'COMPLETADA', NULL),
('V2026-07-N-01', '2026-07-10 10:30:00', 'NORTE ', '1712345616', 'tarjeta', 0.00, 'N', 'COMPLETADA', NULL),
('V2026-07-S-01', '2026-07-15 14:00:00', 'SUR ', '1712345617', 'TARJETA', 0.00, 'S', 'COMPLETADA', NULL),
('V2026-07-V-01', '2026-07-20 08:30:00', 'Farmacia Valle', '1712345618', 'EFECTIVO', 0.00, 'N', 'COMPLETADA', NULL),

('V2026-08-C-01', '2026-08-05 09:00:00', 'CAFE CENTRO', '1712345619', 'EFECTIVO', 0.00, 'S', 'COMPLETADA', NULL),
('V2026-08-N-01', '2026-08-10 10:30:00', 'CAFE NORTE', '1712345620', 'tarjeta', 0.00, 'N', 'COMPLETADA', NULL),
('V2026-08-S-01', '2026-08-15 14:00:00', 'CAFE SUR', '1712345621', 'TARJETA', 0.00, 'S', 'COMPLETADA', NULL),
('V2026-08-V-01', '2026-08-20 08:30:00', 'VALLE', '1712345622', 'EFECTIVO', 0.00, 'N', 'COMPLETADA', NULL),

('V2026-09-C-01', '2026-09-05 09:00:00', 'CENTRO CAFE', '1712345623', 'EFECTIVO', 0.00, 'S', 'ANULADA', NULL),
('V2026-09-N-01', '2026-09-10 10:30:00', 'NORTE CAFE', '1712345624', 'tarjeta', 0.00, 'N', 'COMPLETADA', NULL),
('V2026-09-S-01', '2026-09-15 14:00:00', 'SUR CAFE', '1712345625', 'TARJETA', 0.00, 'S', 'COMPLETADA', NULL),
('V2026-09-V-01', '2026-09-20 08:30:00', 'Sucursal Valle', '1712345626', 'EFECTIVO', 0.00, 'N', 'COMPLETADA', NULL),

('V2026-10-C-01', '2026-10-05 09:00:00', 'Cafetería Centro', '1712345627', 'EFECTIVO', 0.00, 'S', 'COMPLETADA', NULL),
('V2026-10-N-01', '2026-10-10 10:30:00', 'EL CAFETAL NORTE', '1712345628', 'tarjeta', 0.00, 'N', 'COMPLETADA', NULL),
('V2026-10-S-01', '2026-10-15 14:00:00', 'EL CAFETAL SUR', '1712345629', 'TARJETA', 0.00, 'S', 'COMPLETADA', NULL),
('V2026-10-V-01', '2026-10-20 08:30:00', 'CAFE VALLE', '1712345630', 'EFECTIVO', 0.00, 'N', 'COMPLETADA', NULL),

('V2026-11-C-01', '2026-11-05 09:00:00', 'EL CAFETAL CENTRO', '1712345601', 'EFECTIVO', 0.00, 'S', 'COMPLETADA', NULL),
('V2026-11-N-01', '2026-11-10 10:30:00', 'CAFE NORTE', '1712345602', 'tarjeta', 0.00, 'N', 'COMPLETADA', NULL),
('V2026-11-S-01', '2026-11-15 14:00:00', 'CAFE SUR', '1712345603', 'TARJETA', 0.00, 'S', 'COMPLETADA', NULL),
('V2026-11-V-01', '2026-11-20 08:30:00', 'VALLE', '1712345604', 'EFECTIVO', 0.00, 'N', 'COMPLETADA', NULL),

('V2026-12-C-01', '2026-12-05 09:00:00', 'CAFE CENTRO', '1712345605', 'EFECTIVO', 0.00, 'S', 'COMPLETADA', NULL),
('V2026-12-N-01', '2026-12-10 10:30:00', 'NORTE CAFE', '1712345606', 'tarjeta', 0.00, 'N', 'COMPLETADA', NULL),
('V2026-12-S-01', '2026-12-15 14:00:00', 'SUR CAFE', '1712345607', 'TARJETA', 0.00, 'S', 'COMPLETADA', NULL),
('V2026-12-V-01', '2026-12-20 08:30:00', 'Sucursal Valle', '1712345608', 'EFECTIVO', 0.00, 'N', 'COMPLETADA', NULL);

-- ============================================
-- CONTINUAR CON DETALLE DE VENTAS (SOLO 3 EJEMPLOS)
-- ============================================
-- (En el archivo completo se incluyen todos los detalles para todas las ventas)
-- =====================================================
-- 5. DETALLE DE VENTAS (CON INCONSISTENCIAS)
-- =====================================================
INSERT INTO detalle_venta (numero_venta, linea, codigo_producto, cantidad, precio_unitario, descuento_aplicado) VALUES

-- ============================================
-- ENERO 2025 - DETALLES
-- ============================================

-- Centro - Enero 2025
('V2025-01-C-01', 1, 'PRD001', 2, 4.50, 0.00),
('V2025-01-C-01', 2, 'PRD012', 1, 3.50, 0.00),
('V2025-01-C-02', 1, 'PRD002', 1, 3.80, 0.00),
('V2025-01-C-02', 2, 'PRD015', 1, 3.80, 0.00),
('V2025-01-C-03', 1, 'PRD003', 1, 2.50, 0.00),
('V2025-01-C-03', 2, 'PRD017', 1, 2.50, 0.00),
('V2025-01-C-04', 1, 'PRD004', 1, 5.00, 0.00),
('V2025-01-C-05', 1, 'PRD001', 3, 4.50, 0.00),
('V2025-01-C-06', 1, 'PRD006', 1, 3.50, 0.00),
('V2025-01-C-06', 2, 'PRD013', 1, 3.00, 0.00),
('V2025-01-C-07', 1, 'PRD007', 1, 4.00, 0.00),
('V2025-01-C-07', 2, 'PRD019', 1, 1.00, 0.00),
('V2025-01-C-08', 1, 'PRD008', 1, 0.00, 0.00), -- PRECIO CERO
('V2025-01-C-08', 2, 'PRD014', 2, 2.00, 0.00),
('V2025-01-C-09', 1, 'PRD009', 1, 5.50, 0.00),
('V2025-01-C-09', 2, 'PRD020', 1, 0.80, 0.00),
('V2025-01-C-10', 1, 'PRD005', 1, 4.20, 0.00), -- "Late" error tipográfico
('V2025-01-C-10', 2, 'PRD021', 1, 4.20, 0.00),

-- Norte - Enero 2025 (más volumen)
('V2025-01-N-01', 1, 'PRD001', 2, 4.50, 0.00),
('V2025-01-N-01', 2, 'PRD012', 1, 3.50, 0.00),
('V2025-01-N-02', 1, 'PRD002', 1, 3.80, 0.00),
('V2025-01-N-03', 1, 'PRD003', 2, 2.50, 0.00),
('V2025-01-N-03', 2, 'PRD013', 1, 3.00, 0.00),
('V2025-01-N-04', 1, 'PRD004', 1, 5.00, 0.00),
('V2025-01-N-04', 2, 'PRD015', 1, 3.80, 0.00),
('V2025-01-N-05', 1, 'PRD001', 3, 4.50, 0.00),
('V2025-01-N-06', 1, 'PRD006', 1, 3.50, 0.00),
('V2025-01-N-07', 1, 'PRD007', 1, 4.00, 0.00),
('V2025-01-N-07', 2, 'PRD017', 2, 2.50, 0.00),
('V2025-01-N-08', 1, 'PRD008', 1, 2.00, 0.00),
('V2025-01-N-08', 2, 'PRD014', 1, 2.00, 0.00),
('V2025-01-N-09', 1, 'PRD009', 2, 5.50, 0.00),
('V2025-01-N-10', 1, 'PRD010', 1, 3.00, 0.00),
('V2025-01-N-10', 2, 'PRD019', 1, 1.00, 0.00),
('V2025-01-N-11', 1, 'PRD011', 1, 2.80, 0.00),
('V2025-01-N-11', 2, 'PRD021', 1, 4.20, 0.00),
('V2025-01-N-12', 1, 'PRD005', 1, 4.20, 0.00), -- "Late" nuevamente

-- Sur - Enero 2025 (menos volumen)
('V2025-01-S-01', 1, 'PRD001', 1, 4.50, 0.00),
('V2025-01-S-01', 2, 'PRD012', 1, 3.50, 0.00),
('V2025-01-S-02', 1, 'PRD002', 1, 3.80, 0.00),
('V2025-01-S-03', 1, 'PRD003', 1, 2.50, 0.00),
('V2025-01-S-03', 2, 'PRD016', 1, 4.00, 0.00),
('V2025-01-S-04', 1, 'PRD004', 1, 5.00, 0.00),
('V2025-01-S-05', 1, 'PRD006', 1, 3.50, 0.00),
('V2025-01-S-05', 2, 'PRD013', 1, 3.00, 0.00),
('V2025-01-S-06', 1, 'PRD007', 1, 4.00, 0.00),
('V2025-01-S-07', 1, 'PRD008', 1, 2.00, 0.00),
('V2025-01-S-07', 2, 'PRD018', 1, 2.20, 0.00),
('V2025-01-S-08', 1, 'PRD009', 1, 5.50, 0.00),

-- Valle - Enero 2025
('V2025-01-V-01', 1, 'PRD001', 1, 4.50, 0.00),
('V2025-01-V-01', 2, 'PRD014', 1, 2.00, 0.00),
('V2025-01-V-02', 1, 'PRD002', 1, 3.80, 0.00),
('V2025-01-V-03', 1, 'PRD003', 1, 2.50, 0.00),
('V2025-01-V-03', 2, 'PRD012', 1, 3.50, 0.00),
('V2025-01-V-04', 1, 'PRD004', 1, 5.00, 0.00),
('V2025-01-V-05', 1, 'PRD006', 1, 3.50, 0.00),
('V2025-01-V-05', 2, 'PRD017', 1, 2.50, 0.00),
('V2025-01-V-06', 1, 'PRD007', 1, 4.00, 0.00),
('V2025-01-V-07', 1, 'PRD009', 1, 5.50, 0.00),
('V2025-01-V-07', 2, 'PRD019', 1, 1.00, 0.00),

-- ============================================
-- FEBRERO 2025 - DETALLES
-- ============================================

-- Centro - Febrero 2025
('V2025-02-C-01', 1, 'PRD001', 2, 4.50, 0.00),
('V2025-02-C-01', 2, 'PRD015', 1, 3.80, 0.00),
('V2025-02-C-02', 1, 'PRD002', 1, 3.80, 0.00),
('V2025-02-C-03', 1, 'PRD003', 1, 2.50, 0.00),
('V2025-02-C-03', 2, 'PRD013', 1, 3.00, 0.00),
('V2025-02-C-04', 1, 'PRD004', 1, 5.00, 0.00),
('V2025-02-C-04', 2, 'PRD017', 1, 2.50, 0.00),
('V2025-02-C-05', 1, 'PRD001', 3, 4.50, 0.00),
('V2025-02-C-06', 1, 'PRD006', 1, 3.50, 0.00),
('V2025-02-C-06', 2, 'PRD014', 1, 2.00, 0.00),
('V2025-02-C-07', 1, 'PRD007', 1, 4.00, 0.00),
('V2025-02-C-08', 1, 'PRD008', 1, 2.00, 0.00),
('V2025-02-C-08', 2, 'PRD019', 1, 1.00, 0.00),
('V2025-02-C-09', 1, 'PRD009', 1, 5.50, 0.00),
('V2025-02-C-09', 2, 'PRD020', 1, 0.80, 0.00),

-- Norte - Febrero 2025
('V2025-02-N-01', 1, 'PRD001', 2, 4.50, 0.00),
('V2025-02-N-01', 2, 'PRD012', 2, 3.50, 0.00),
('V2025-02-N-02', 1, 'PRD002', 1, 3.80, 0.00),
('V2025-02-N-03', 1, 'PRD003', 2, 2.50, 0.00),
('V2025-02-N-04', 1, 'PRD004', 1, 5.00, 0.00),
('V2025-02-N-05', 1, 'PRD001', 3, 4.50, 0.00),
('V2025-02-N-05', 2, 'PRD016', 1, 4.00, 0.00),
('V2025-02-N-06', 1, 'PRD006', 1, 3.50, 0.00),
('V2025-02-N-06', 2, 'PRD013', 1, 3.00, 0.00),
('V2025-02-N-07', 1, 'PRD007', 2, 4.00, 0.00),
('V2025-02-N-08', 1, 'PRD008', 1, 2.00, 0.00),
('V2025-02-N-08', 2, 'PRD018', 1, 2.20, 0.00),
('V2025-02-N-09', 1, 'PRD009', 2, 5.50, 0.00),
('V2025-02-N-10', 1, 'PRD010', 1, 3.00, 0.00),
('V2025-02-N-10', 2, 'PRD021', 1, 4.20, 0.00),

-- Sur - Febrero 2025
('V2025-02-S-01', 1, 'PRD001', 1, 4.50, 0.00),
('V2025-02-S-01', 2, 'PRD014', 1, 2.00, 0.00),
('V2025-02-S-02', 1, 'PRD002', 1, 3.80, 0.00),
('V2025-02-S-03', 1, 'PRD003', 1, 2.50, 0.00),
('V2025-02-S-04', 1, 'PRD004', 1, 5.00, 0.00),
('V2025-02-S-04', 2, 'PRD015', 1, 3.80, 0.00),
('V2025-02-S-05', 1, 'PRD006', 1, 3.50, 0.00),
('V2025-02-S-06', 1, 'PRD007', 1, 4.00, 0.00),
('V2025-02-S-06', 2, 'PRD017', 1, 2.50, 0.00),
('V2025-02-S-07', 1, 'PRD009', 1, 5.50, 0.00),

-- Valle - Febrero 2025
('V2025-02-V-01', 1, 'PRD001', 1, 4.50, 0.00),
('V2025-02-V-02', 1, 'PRD002', 1, 3.80, 0.00),
('V2025-02-V-02', 2, 'PRD012', 1, 3.50, 0.00),
('V2025-02-V-03', 1, 'PRD003', 1, 2.50, 0.00),
('V2025-02-V-04', 1, 'PRD004', 1, 5.00, 0.00),
('V2025-02-V-05', 1, 'PRD006', 1, 3.50, 0.00),
('V2025-02-V-05', 2, 'PRD016', 1, 4.00, 0.00),
('V2025-02-V-06', 1, 'PRD007', 1, 4.00, 0.00),
('V2025-02-V-07', 1, 'PRD008', 1, 2.00, 0.00),
('V2025-02-V-07', 2, 'PRD019', 1, 1.00, 0.00),

-- ============================================
-- MARZO 2025 - DETALLES
-- ============================================

-- Centro - Marzo 2025
('V2025-03-C-01', 1, 'PRD001', 2, 4.50, 0.00),
('V2025-03-C-01', 2, 'PRD012', 1, 3.50, 0.00),
('V2025-03-C-02', 1, 'PRD002', 1, 3.80, 0.00),
('V2025-03-C-03', 1, 'PRD003', 1, 2.50, 0.00),
('V2025-03-C-03', 2, 'PRD015', 1, 3.80, 0.00),
('V2025-03-C-04', 1, 'PRD004', 1, 5.00, 0.00),
('V2025-03-C-04', 2, 'PRD013', 1, 3.00, 0.00),
('V2025-03-C-05', 1, 'PRD001', 3, 4.50, 0.00),
('V2025-03-C-06', 1, 'PRD006', 1, 3.50, 0.00),
('V2025-03-C-06', 2, 'PRD014', 1, 2.00, 0.00),
('V2025-03-C-07', 1, 'PRD007', 1, 4.00, 0.00),
('V2025-03-C-07', 2, 'PRD017', 2, 2.50, 0.00),
('V2025-03-C-08', 1, 'PRD008', 1, 2.00, 0.00),
('V2025-03-C-08', 2, 'PRD019', 1, 1.00, 0.00),
('V2025-03-C-09', 1, 'PRD009', 1, 5.50, 0.00),
('V2025-03-C-09', 2, 'PRD020', 1, 0.80, 0.00),
('V2025-03-C-10', 1, 'PRD005', 1, 4.20, 0.00), -- "Late"
('V2025-03-C-10', 2, 'PRD021', 1, 4.20, 0.00),

-- Norte - Marzo 2025 (más detalle)
('V2025-03-N-01', 1, 'PRD001', 2, 4.50, 0.00),
('V2025-03-N-01', 2, 'PRD012', 2, 3.50, 0.00),
('V2025-03-N-02', 1, 'PRD002', 1, 3.80, 0.00),
('V2025-03-N-03', 1, 'PRD003', 2, 2.50, 0.00),
('V2025-03-N-03', 2, 'PRD016', 1, 4.00, 0.00),
('V2025-03-N-04', 1, 'PRD004', 1, 5.00, 0.00),
('V2025-03-N-05', 1, 'PRD001', 3, 4.50, 0.00),
('V2025-03-N-05', 2, 'PRD013', 1, 3.00, 0.00),
('V2025-03-N-06', 1, 'PRD006', 1, 3.50, 0.00),
('V2025-03-N-07', 1, 'PRD007', 2, 4.00, 0.00),
('V2025-03-N-07', 2, 'PRD017', 2, 2.50, 0.00),
('V2025-03-N-08', 1, 'PRD008', 1, 2.00, 0.00),
('V2025-03-N-08', 2, 'PRD018', 1, 2.20, 0.00),
('V2025-03-N-09', 1, 'PRD009', 2, 5.50, 0.00),
('V2025-03-N-09', 2, 'PRD019', 1, 1.00, 0.00),
('V2025-03-N-10', 1, 'PRD010', 1, 3.00, 0.00),
('V2025-03-N-11', 1, 'PRD011', 1, 2.80, 0.00),
('V2025-03-N-11', 2, 'PRD021', 1, 4.20, 0.00),
('V2025-03-N-12', 1, 'PRD001', 2, 4.50, 0.00),
('V2025-03-N-12', 2, 'PRD014', 1, 2.00, 0.00),
('V2025-03-N-13', 1, 'PRD002', 1, 3.80, 0.00),
('V2025-03-N-14', 1, 'PRD003', 2, 2.50, 0.00),

-- Sur - Marzo 2025
('V2025-03-S-01', 1, 'PRD001', 1, 4.50, 0.00),
('V2025-03-S-01', 2, 'PRD012', 1, 3.50, 0.00),
('V2025-03-S-02', 1, 'PRD002', 1, 3.80, 0.00),
('V2025-03-S-03', 1, 'PRD003', 1, 2.50, 0.00),
('V2025-03-S-03', 2, 'PRD015', 1, 3.80, 0.00),
('V2025-03-S-04', 1, 'PRD004', 1, 5.00, 0.00),
('V2025-03-S-05', 1, 'PRD006', 1, 3.50, 0.00),
('V2025-03-S-05', 2, 'PRD017', 1, 2.50, 0.00),
('V2025-03-S-06', 1, 'PRD007', 1, 4.00, 0.00),
('V2025-03-S-07', 1, 'PRD008', 1, 2.00, 0.00),
('V2025-03-S-07', 2, 'PRD013', 1, 3.00, 0.00),
('V2025-03-S-08', 1, 'PRD009', 1, 5.50, 0.00),
('V2025-03-S-09', 1, 'PRD010', 1, 3.00, 0.00),

-- Valle - Marzo 2025
('V2025-03-V-01', 1, 'PRD001', 1, 4.50, 0.00),
('V2025-03-V-01', 2, 'PRD014', 1, 2.00, 0.00),
('V2025-03-V-02', 1, 'PRD002', 1, 3.80, 0.00),
('V2025-03-V-02', 2, 'PRD012', 1, 3.50, 0.00),
('V2025-03-V-03', 1, 'PRD003', 1, 2.50, 0.00),
('V2025-03-V-04', 1, 'PRD004', 1, 5.00, 0.00),
('V2025-03-V-04', 2, 'PRD015', 1, 3.80, 0.00),
('V2025-03-V-05', 1, 'PRD006', 1, 3.50, 0.00),
('V2025-03-V-06', 1, 'PRD007', 1, 4.00, 0.00),
('V2025-03-V-06', 2, 'PRD017', 1, 2.50, 0.00),
('V2025-03-V-07', 1, 'PRD008', 1, 2.00, 0.00),
('V2025-03-V-08', 1, 'PRD009', 1, 5.50, 0.00),

-- ============================================
-- ABRIL-DICIEMBRE 2025 - DETALLES
-- ============================================
('V2025-04-C-01', 1, 'PRD001', 1, 4.50, 0.00),
('V2025-04-C-01', 2, 'PRD012', 1, 3.50, 0.00),
('V2025-04-N-01', 1, 'PRD002', 2, 3.80, 0.00),
('V2025-04-S-01', 1, 'PRD003', 1, 2.50, 0.00),
('V2025-04-V-01', 1, 'PRD004', 1, 5.00, 0.00),

('V2025-05-C-01', 1, 'PRD001', 1, 4.50, 0.00),
('V2025-05-N-01', 1, 'PRD006', 1, 3.50, 0.00),
('V2025-05-S-01', 1, 'PRD007', 1, 4.00, 0.00),
('V2025-05-V-01', 1, 'PRD008', 1, 2.00, 0.00),

('V2025-06-C-01', 1, 'PRD009', 1, 5.50, 0.00),
('V2025-06-N-01', 1, 'PRD010', 1, 3.00, 0.00),
('V2025-06-S-01', 1, 'PRD011', 1, 2.80, 0.00),
('V2025-06-V-01', 1, 'PRD001', 1, 4.50, 0.00),

('V2025-07-C-01', 1, 'PRD002', 1, 3.80, 0.00),
('V2025-07-N-01', 1, 'PRD003', 2, 2.50, 0.00),
('V2025-07-S-01', 1, 'PRD004', 1, 5.00, 0.00),
('V2025-07-V-01', 1, 'PRD005', 1, 4.20, 0.00),

('V2025-08-C-01', 1, 'PRD006', 1, 3.50, 0.00),
('V2025-08-N-01', 1, 'PRD007', 1, 4.00, 0.00),
('V2025-08-S-01', 1, 'PRD008', 1, 2.00, 0.00),
('V2025-08-V-01', 1, 'PRD009', 1, 5.50, 0.00),

('V2025-09-C-01', 1, 'PRD010', 1, 3.00, 0.00),
('V2025-09-N-01', 1, 'PRD011', 1, 2.80, 0.00),
('V2025-09-S-01', 1, 'PRD001', 1, 4.50, 0.00),
('V2025-09-V-01', 1, 'PRD002', 1, 3.80, 0.00),

('V2025-10-C-01', 1, 'PRD003', 1, 2.50, 0.00),
('V2025-10-N-01', 1, 'PRD004', 1, 5.00, 0.00),
('V2025-10-S-01', 1, 'PRD005', 1, 4.20, 0.00),
('V2025-10-V-01', 1, 'PRD006', 1, 3.50, 0.00),

('V2025-11-C-01', 1, 'PRD007', 1, 4.00, 0.00),
('V2025-11-N-01', 1, 'PRD008', 1, 2.00, 0.00),
('V2025-11-S-01', 1, 'PRD009', 1, 5.50, 0.00),
('V2025-11-V-01', 1, 'PRD010', 1, 3.00, 0.00),

('V2025-12-C-01', 1, 'PRD011', 1, 2.80, 0.00),
('V2025-12-N-01', 1, 'PRD001', 1, 4.50, 0.00),
('V2025-12-S-01', 1, 'PRD002', 1, 3.80, 0.00),
('V2025-12-V-01', 1, 'PRD003', 1, 2.50, 0.00),

-- ============================================
-- ENERO 2026 - DETALLES
-- ============================================

-- Centro - Enero 2026
('V2026-01-C-01', 1, 'PRD001', 2, 4.50, 0.00),
('V2026-01-C-01', 2, 'PRD012', 2, 3.50, 0.00),
('V2026-01-C-02', 1, 'PRD002', 1, 3.80, 0.00),
('V2026-01-C-02', 2, 'PRD015', 2, 3.80, 0.00),
('V2026-01-C-03', 1, 'PRD003', 1, 2.50, 0.00),
('V2026-01-C-03', 2, 'PRD017', 1, 2.50, 0.00),
('V2026-01-C-04', 1, 'PRD004', 1, 5.00, 0.00),
('V2026-01-C-04', 2, 'PRD013', 1, 3.00, 0.00),
('V2026-01-C-05', 1, 'PRD001', 3, 4.50, 0.00),
('V2026-01-C-05', 2, 'PRD014', 1, 2.00, 0.00),
('V2026-01-C-06', 1, 'PRD006', 1, 3.50, 0.00),
('V2026-01-C-06', 2, 'PRD016', 1, 4.00, 0.00),
('V2026-01-C-07', 1, 'PRD007', 1, 4.00, 0.00),
('V2026-01-C-07', 2, 'PRD019', 2, 1.00, 0.00),
('V2026-01-C-08', 1, 'PRD008', 1, 2.00, 0.00),
('V2026-01-C-08', 2, 'PRD020', 1, 0.80, 0.00),
('V2026-01-C-09', 1, 'PRD009', 2, 5.50, 0.00),
('V2026-01-C-09', 2, 'PRD021', 1, 4.20, 0.00),
('V2026-01-C-10', 1, 'PRD010', 1, 3.00, 0.00),
('V2026-01-C-11', 1, 'PRD011', 1, 2.80, 0.00),
('V2026-01-C-11', 2, 'PRD005', 1, 4.20, 0.00),
('V2026-01-C-12', 1, 'PRD001', 2, 4.50, 0.00),

-- Norte - Enero 2026 (más detalle)
('V2026-01-N-01', 1, 'PRD001', 2, 4.50, 0.00),
('V2026-01-N-01', 2, 'PRD012', 2, 3.50, 0.00),
('V2026-01-N-02', 1, 'PRD002', 1, 3.80, 0.00),
('V2026-01-N-03', 1, 'PRD003', 2, 2.50, 0.00),
('V2026-01-N-03', 2, 'PRD015', 1, 3.80, 0.00),
('V2026-01-N-04', 1, 'PRD004', 1, 5.00, 0.00),
('V2026-01-N-05', 1, 'PRD001', 3, 4.50, 0.00),
('V2026-01-N-05', 2, 'PRD016', 1, 4.00, 0.00),
('V2026-01-N-06', 1, 'PRD006', 1, 3.50, 0.00),
('V2026-01-N-07', 1, 'PRD007', 2, 4.00, 0.00),
('V2026-01-N-07', 2, 'PRD017', 2, 2.50, 0.00),
('V2026-01-N-08', 1, 'PRD008', 1, 2.00, 0.00),
('V2026-01-N-09', 1, 'PRD009', 2, 5.50, 0.00),
('V2026-01-N-09', 2, 'PRD018', 1, 2.20, 0.00),
('V2026-01-N-10', 1, 'PRD010', 1, 3.00, 0.00),
('V2026-01-N-10', 2, 'PRD019', 1, 1.00, 0.00),
('V2026-01-N-11', 1, 'PRD011', 1, 2.80, 0.00),
('V2026-01-N-11', 2, 'PRD021', 1, 4.20, 0.00),
('V2026-01-N-12', 1, 'PRD001', 2, 4.50, 0.00),
('V2026-01-N-12', 2, 'PRD013', 1, 3.00, 0.00),
('V2026-01-N-13', 1, 'PRD002', 1, 3.80, 0.00),
('V2026-01-N-14', 1, 'PRD003', 2, 2.50, 0.00),
('V2026-01-N-14', 2, 'PRD014', 1, 2.00, 0.00),
('V2026-01-N-15', 1, 'PRD004', 1, 5.00, 0.00),

-- Sur - Enero 2026
('V2026-01-S-01', 1, 'PRD001', 1, 4.50, 0.00),
('V2026-01-S-01', 2, 'PRD012', 1, 3.50, 0.00),
('V2026-01-S-02', 1, 'PRD002', 1, 3.80, 0.00),
('V2026-01-S-02', 2, 'PRD015', 1, 3.80, 0.00),
('V2026-01-S-03', 1, 'PRD003', 1, 2.50, 0.00),
('V2026-01-S-04', 1, 'PRD004', 1, 5.00, 0.00),
('V2026-01-S-04', 2, 'PRD017', 1, 2.50, 0.00),
('V2026-01-S-05', 1, 'PRD006', 1, 3.50, 0.00),
('V2026-01-S-06', 1, 'PRD007', 1, 4.00, 0.00),
('V2026-01-S-06', 2, 'PRD013', 1, 3.00, 0.00),
('V2026-01-S-07', 1, 'PRD008', 1, 2.00, 0.00),
('V2026-01-S-08', 1, 'PRD009', 1, 5.50, 0.00),
('V2026-01-S-08', 2, 'PRD019', 1, 1.00, 0.00),
('V2026-01-S-09', 1, 'PRD010', 1, 3.00, 0.00),
('V2026-01-S-10', 1, 'PRD011', 1, 2.80, 0.00),

-- Valle - Enero 2026
('V2026-01-V-01', 1, 'PRD001', 1, 4.50, 0.00),
('V2026-01-V-01', 2, 'PRD014', 1, 2.00, 0.00),
('V2026-01-V-02', 1, 'PRD002', 1, 3.80, 0.00),
('V2026-01-V-02', 2, 'PRD012', 1, 3.50, 0.00),
('V2026-01-V-03', 1, 'PRD003', 1, 2.50, 0.00),
('V2026-01-V-04', 1, 'PRD004', 1, 5.00, 0.00),
('V2026-01-V-04', 2, 'PRD015', 1, 3.80, 0.00),
('V2026-01-V-05', 1, 'PRD006', 1, 3.50, 0.00),
('V2026-01-V-06', 1, 'PRD007', 1, 4.00, 0.00),
('V2026-01-V-06', 2, 'PRD017', 1, 2.50, 0.00),
('V2026-01-V-07', 1, 'PRD008', 1, 2.00, 0.00),
('V2026-01-V-08', 1, 'PRD009', 1, 5.50, 0.00),

-- ============================================
-- FEBRERO 2026 - DETALLES (RESUMIDO)
-- ============================================
('V2026-02-C-01', 1, 'PRD001', 2, 4.50, 0.00),
('V2026-02-C-01', 2, 'PRD012', 1, 3.50, 0.00),
('V2026-02-C-02', 1, 'PRD002', 1, 3.80, 0.00),
('V2026-02-C-03', 1, 'PRD003', 1, 2.50, 0.00),
('V2026-02-C-03', 2, 'PRD013', 1, 3.00, 0.00),
('V2026-02-C-04', 1, 'PRD004', 1, 5.00, 0.00),
('V2026-02-C-05', 1, 'PRD001', 3, 4.50, 0.00),
('V2026-02-C-05', 2, 'PRD015', 1, 3.80, 0.00),
('V2026-02-C-06', 1, 'PRD006', 1, 3.50, 0.00),
('V2026-02-C-07', 1, 'PRD007', 1, 4.00, 0.00),
('V2026-02-C-08', 1, 'PRD008', 1, 2.00, 0.00),
('V2026-02-C-08', 2, 'PRD019', 1, 1.00, 0.00),
('V2026-02-C-09', 1, 'PRD009', 1, 5.50, 0.00),
('V2026-02-C-10', 1, 'PRD010', 1, 3.00, 0.00),

('V2026-02-N-01', 1, 'PRD001', 2, 4.50, 0.00),
('V2026-02-N-01', 2, 'PRD012', 2, 3.50, 0.00),
('V2026-02-N-02', 1, 'PRD002', 1, 3.80, 0.00),
('V2026-02-N-03', 1, 'PRD003', 2, 2.50, 0.00),
('V2026-02-N-04', 1, 'PRD004', 1, 5.00, 0.00),
('V2026-02-N-05', 1, 'PRD001', 3, 4.50, 0.00),
('V2026-02-N-06', 1, 'PRD006', 1, 3.50, 0.00),
('V2026-02-N-06', 2, 'PRD016', 1, 4.00, 0.00),
('V2026-02-N-07', 1, 'PRD007', 2, 4.00, 0.00),
('V2026-02-N-08', 1, 'PRD008', 1, 2.00, 0.00),
('V2026-02-N-09', 1, 'PRD009', 2, 5.50, 0.00),
('V2026-02-N-10', 1, 'PRD010', 1, 3.00, 0.00),

('V2026-02-S-01', 1, 'PRD001', 1, 4.50, 0.00),
('V2026-02-S-01', 2, 'PRD014', 1, 2.00, 0.00),
('V2026-02-S-02', 1, 'PRD002', 1, 3.80, 0.00),
('V2026-02-S-03', 1, 'PRD003', 1, 2.50, 0.00),
('V2026-02-S-04', 1, 'PRD004', 1, 5.00, 0.00),
('V2026-02-S-05', 1, 'PRD006', 1, 3.50, 0.00),
('V2026-02-S-06', 1, 'PRD007', 1, 4.00, 0.00),
('V2026-02-S-07', 1, 'PRD008', 1, 2.00, 0.00),
('V2026-02-S-08', 1, 'PRD009', 1, 5.50, 0.00),

('V2026-02-V-01', 1, 'PRD001', 1, 4.50, 0.00),
('V2026-02-V-02', 1, 'PRD002', 1, 3.80, 0.00),
('V2026-02-V-03', 1, 'PRD003', 1, 2.50, 0.00),
('V2026-02-V-04', 1, 'PRD004', 1, 5.00, 0.00),
('V2026-02-V-05', 1, 'PRD006', 1, 3.50, 0.00),
('V2026-02-V-06', 1, 'PRD007', 1, 4.00, 0.00),
('V2026-02-V-07', 1, 'PRD008', 1, 2.00, 0.00),

-- ============================================
-- MARZO 2026 - DETALLES (RESUMIDO)
-- ============================================
('V2026-03-C-01', 1, 'PRD001', 2, 4.50, 0.00),
('V2026-03-C-01', 2, 'PRD012', 1, 3.50, 0.00),
('V2026-03-C-02', 1, 'PRD002', 1, 3.80, 0.00),
('V2026-03-C-03', 1, 'PRD003', 1, 2.50, 0.00),
('V2026-03-C-04', 1, 'PRD004', 1, 5.00, 0.00),
('V2026-03-C-05', 1, 'PRD001', 3, 4.50, 0.00),
('V2026-03-C-06', 1, 'PRD006', 1, 3.50, 0.00),
('V2026-03-C-07', 1, 'PRD007', 1, 4.00, 0.00),
('V2026-03-C-08', 1, 'PRD008', 1, 2.00, 0.00),
('V2026-03-C-09', 1, 'PRD009', 1, 5.50, 0.00),
('V2026-03-C-10', 1, 'PRD010', 1, 3.00, 0.00),
('V2026-03-C-11', 1, 'PRD011', 1, 2.80, 0.00),

('V2026-03-N-01', 1, 'PRD001', 2, 4.50, 0.00),
('V2026-03-N-01', 2, 'PRD012', 2, 3.50, 0.00),
('V2026-03-N-02', 1, 'PRD002', 1, 3.80, 0.00),
('V2026-03-N-03', 1, 'PRD003', 2, 2.50, 0.00),
('V2026-03-N-03', 2, 'PRD015', 1, 3.80, 0.00),
('V2026-03-N-04', 1, 'PRD004', 1, 5.00, 0.00),
('V2026-03-N-05', 1, 'PRD001', 3, 4.50, 0.00),
('V2026-03-N-06', 1, 'PRD006', 1, 3.50, 0.00),
('V2026-03-N-07', 1, 'PRD007', 2, 4.00, 0.00),
('V2026-03-N-08', 1, 'PRD008', 1, 2.00, 0.00),
('V2026-03-N-09', 1, 'PRD009', 2, 5.50, 0.00),
('V2026-03-N-10', 1, 'PRD010', 1, 3.00, 0.00),
('V2026-03-N-11', 1, 'PRD011', 1, 2.80, 0.00),
('V2026-03-N-12', 1, 'PRD001', 2, 4.50, 0.00),
('V2026-03-N-13', 1, 'PRD002', 1, 3.80, 0.00),
('V2026-03-N-14', 1, 'PRD003', 2, 2.50, 0.00),
('V2026-03-N-15', 1, 'PRD004', 1, 5.00, 0.00),

('V2026-03-S-01', 1, 'PRD001', 1, 4.50, 0.00),
('V2026-03-S-01', 2, 'PRD012', 1, 3.50, 0.00),
('V2026-03-S-02', 1, 'PRD002', 1, 3.80, 0.00),
('V2026-03-S-03', 1, 'PRD003', 1, 2.50, 0.00),
('V2026-03-S-04', 1, 'PRD004', 1, 5.00, 0.00),
('V2026-03-S-05', 1, 'PRD006', 1, 3.50, 0.00),
('V2026-03-S-06', 1, 'PRD007', 1, 4.00, 0.00),
('V2026-03-S-07', 1, 'PRD008', 1, 2.00, 0.00),
('V2026-03-S-08', 1, 'PRD009', 1, 5.50, 0.00),
('V2026-03-S-09', 1, 'PRD010', 1, 3.00, 0.00),
('V2026-03-S-10', 1, 'PRD011', 1, 2.80, 0.00),

('V2026-03-V-01', 1, 'PRD001', 1, 4.50, 0.00),
('V2026-03-V-01', 2, 'PRD014', 1, 2.00, 0.00),
('V2026-03-V-02', 1, 'PRD002', 1, 3.80, 0.00),
('V2026-03-V-03', 1, 'PRD003', 1, 2.50, 0.00),
('V2026-03-V-04', 1, 'PRD004', 1, 5.00, 0.00),
('V2026-03-V-05', 1, 'PRD006', 1, 3.50, 0.00),
('V2026-03-V-06', 1, 'PRD007', 1, 4.00, 0.00),
('V2026-03-V-07', 1, 'PRD008', 1, 2.00, 0.00),
('V2026-03-V-08', 1, 'PRD009', 1, 5.50, 0.00),
('V2026-03-V-09', 1, 'PRD010', 1, 3.00, 0.00),

-- ============================================
-- ABRIL-DICIEMBRE 2026 - DETALLES
-- ============================================
('V2026-04-C-01', 1, 'PRD001', 1, 4.50, 0.00),
('V2026-04-N-01', 1, 'PRD002', 2, 3.80, 0.00),
('V2026-04-S-01', 1, 'PRD003', 1, 2.50, 0.00),
('V2026-04-V-01', 1, 'PRD004', 1, 5.00, 0.00),

('V2026-05-C-01', 1, 'PRD001', 1, 4.50, 0.00),
('V2026-05-N-01', 1, 'PRD006', 1, 3.50, 0.00),
('V2026-05-S-01', 1, 'PRD007', 1, 4.00, 0.00),
('V2026-05-V-01', 1, 'PRD008', 1, 2.00, 0.00),

('V2026-06-C-01', 1, 'PRD009', 1, 5.50, 0.00),
('V2026-06-N-01', 1, 'PRD010', 1, 3.00, 0.00),
('V2026-06-S-01', 1, 'PRD011', 1, 2.80, 0.00),
('V2026-06-V-01', 1, 'PRD001', 1, 4.50, 0.00),

('V2026-07-C-01', 1, 'PRD002', 1, 3.80, 0.00),
('V2026-07-N-01', 1, 'PRD003', 2, 2.50, 0.00),
('V2026-07-S-01', 1, 'PRD004', 1, 5.00, 0.00),
('V2026-07-V-01', 1, 'PRD005', 1, 4.20, 0.00),

('V2026-08-C-01', 1, 'PRD006', 1, 3.50, 0.00),
('V2026-08-N-01', 1, 'PRD007', 1, 4.00, 0.00),
('V2026-08-S-01', 1, 'PRD008', 1, 2.00, 0.00),
('V2026-08-V-01', 1, 'PRD009', 1, 5.50, 0.00),

('V2026-09-C-01', 1, 'PRD010', 1, 3.00, 0.00),
('V2026-09-N-01', 1, 'PRD011', 1, 2.80, 0.00),
('V2026-09-S-01', 1, 'PRD001', 1, 4.50, 0.00),
('V2026-09-V-01', 1, 'PRD002', 1, 3.80, 0.00),

('V2026-10-C-01', 1, 'PRD003', 1, 2.50, 0.00),
('V2026-10-N-01', 1, 'PRD004', 1, 5.00, 0.00),
('V2026-10-S-01', 1, 'PRD005', 1, 4.20, 0.00),
('V2026-10-V-01', 1, 'PRD006', 1, 3.50, 0.00),

('V2026-11-C-01', 1, 'PRD007', 1, 4.00, 0.00),
('V2026-11-N-01', 1, 'PRD008', 1, 2.00, 0.00),
('V2026-11-S-01', 1, 'PRD009', 1, 5.50, 0.00),
('V2026-11-V-01', 1, 'PRD010', 1, 3.00, 0.00),

('V2026-12-C-01', 1, 'PRD011', 1, 2.80, 0.00),
('V2026-12-N-01', 1, 'PRD001', 1, 4.50, 0.00),
('V2026-12-S-01', 1, 'PRD002', 1, 3.80, 0.00),
('V2026-12-V-01', 1, 'PRD003', 1, 2.50, 0.00);

-- =====================================================
-- 6. INVENTARIO CON STOCK CRÍTICO Y SIN MOVIMIENTO
-- =====================================================
INSERT INTO inventario (tienda_origen, codigo_producto, stock_actual, stock_minimo, fecha_ultima_entrada, fecha_ultimo_movimiento) VALUES

-- ============================================
-- TIENDA CENTRO
-- ============================================
('CAFE CENTRO', 'PRD001', 3, 15, '2026-03-10', '2026-01-15'), -- CRÍTICO
('CAFE CENTRO', 'PRD002', 12, 12, '2026-02-20', '2026-02-20'),
('CAFE CENTRO', 'PRD003', 25, 10, '2026-01-15', '2026-03-01'),
('CAFE CENTRO', 'PRD004', 8, 10, '2026-03-01', '2026-02-20'), -- CRÍTICO
('CAFE CENTRO', 'PRD005', 20, 12, '2026-02-10', '2026-01-10'),
('CAFE CENTRO', 'PRD006', 15, 8, '2026-01-20', '2026-02-15'),
('CAFE CENTRO', 'PRD007', 5, 12, '2026-03-05', '2026-01-25'), -- CRÍTICO
('CAFE CENTRO', 'PRD008', 30, 8, '2026-02-01', '2026-02-01'),
('CAFE CENTRO', 'PRD009', 18, 8, '2026-01-10', '2026-03-10'),
('CAFE CENTRO', 'PRD010', 22, 10, '2026-02-15', '2026-01-05'),
('CAFE CENTRO', 'PRD011', 14, 8, '2026-01-25', '2026-02-28'),
('CAFE CENTRO', 'PRD012', 2, 10, '2026-03-08', '2026-01-18'), -- CRÍTICO
('CAFE CENTRO', 'PRD013', 8, 8, '2026-02-28', '2026-02-28'),
('CAFE CENTRO', 'PRD014', 40, 6, '2026-01-05', '2026-01-05'),
('CAFE CENTRO', 'PRD015', 35, 8, '2026-02-10', '2026-02-10'),
('CAFE CENTRO', 'PRD016', 28, 8, '2026-01-30', '2026-03-01'),
('CAFE CENTRO', 'PRD017', 50, 10, '2026-02-05', '2026-02-05'),
('CAFE CENTRO', 'PRD018', 60, 8, '2026-01-15', '2026-01-15'),
('CAFE CENTRO', 'PRD019', 90, 15, '2026-03-01', '2025-12-15'), -- SIN MOVIMIENTO
('CAFE CENTRO', 'PRD020', 75, 10, '2026-02-01', '2025-11-20'), -- SIN MOVIMIENTO

-- ============================================
-- TIENDA NORTE
-- ============================================
('NORTE CAFE', 'PRD001', 18, 15, '2026-02-10', '2026-03-15'),
('NORTE CAFE', 'PRD002', 7, 12, '2026-03-01', '2026-02-20'), -- CRÍTICO
('NORTE CAFE', 'PRD003', 30, 10, '2026-01-20', '2026-01-20'),
('NORTE CAFE', 'PRD004', 5, 10, '2026-03-05', '2026-01-10'), -- CRÍTICO
('NORTE CAFE', 'PRD005', 14, 12, '2026-02-15', '2026-02-15'),
('NORTE CAFE', 'PRD006', 22, 8, '2026-01-10', '2026-03-10'),
('NORTE CAFE', 'PRD007', 10, 12, '2026-02-20', '2026-01-05'),
('NORTE CAFE', 'PRD008', 45, 8, '2026-03-01', '2026-03-01'),
('NORTE CAFE', 'PRD009', 25, 8, '2026-01-30', '2026-02-28'),
('NORTE CAFE', 'PRD010', 15, 10, '2026-02-05', '2026-01-15'),
('NORTE CAFE', 'PRD011', 30, 8, '2026-01-15', '2026-03-05'),
('NORTE CAFE', 'PRD012', 3, 10, '2026-03-10', '2026-01-20'), -- CRÍTICO
('NORTE CAFE', 'PRD013', 10, 8, '2026-02-28', '2026-02-28'),
('NORTE CAFE', 'PRD014', 50, 6, '2026-01-05', '2026-01-05'),
('NORTE CAFE', 'PRD015', 40, 8, '2026-02-10', '2026-02-10'),
('NORTE CAFE', 'PRD016', 35, 8, '2026-01-25', '2026-03-02'),
('NORTE CAFE', 'PRD017', 60, 10, '2026-02-01', '2026-02-01'),
('NORTE CAFE', 'PRD018', 45, 8, '2026-01-20', '2026-01-20'),
('NORTE CAFE', 'PRD019', 70, 15, '2026-02-15', '2025-12-10'), -- SIN MOVIMIENTO
('NORTE CAFE', 'PRD020', 55, 10, '2026-01-30', '2025-11-25'), -- SIN MOVIMIENTO

-- ============================================
-- TIENDA SUR
-- ============================================
('SUR CAFE', 'PRD001', 25, 8, '2026-02-15', '2026-03-20'),
('SUR CAFE', 'PRD002', 30, 8, '2026-01-20', '2026-01-20'),
('SUR CAFE', 'PRD003', 35, 10, '2026-03-01', '2026-02-15'),
('SUR CAFE', 'PRD004', 4, 10, '2026-03-08', '2026-01-25'), -- CRÍTICO
('SUR CAFE', 'PRD005', 18, 12, '2026-02-10', '2026-02-10'),
('SUR CAFE', 'PRD006', 28, 8, '2026-01-30', '2026-03-01'),
('SUR CAFE', 'PRD007', 6, 12, '2026-03-05', '2026-02-20'), -- CRÍTICO
('SUR CAFE', 'PRD008', 20, 8, '2026-02-01', '2026-02-01'),
('SUR CAFE', 'PRD009', 12, 8, '2026-03-10', '2026-01-10'),
('SUR CAFE', 'PRD010', 35, 10, '2026-01-15', '2026-01-15'),
('SUR CAFE', 'PRD011', 42, 8, '2026-02-20', '2026-02-20'),
('SUR CAFE', 'PRD012', 2, 10, '2026-03-12', '2026-01-18'), -- CRÍTICO
('SUR CAFE', 'PRD013', 15, 8, '2026-02-28', '2026-02-28'),
('SUR CAFE', 'PRD014', 80, 6, '2026-01-05', '2025-10-15'), -- SIN MOVIMIENTO
('SUR CAFE', 'PRD015', 60, 8, '2026-02-10', '2025-11-20'), -- SIN MOVIMIENTO
('SUR CAFE', 'PRD016', 20, 8, '2026-01-20', '2026-01-20'),
('SUR CAFE', 'PRD017', 45, 10, '2026-02-05', '2026-02-05'),
('SUR CAFE', 'PRD018', 55, 8, '2026-01-15', '2026-01-15'),
('SUR CAFE', 'PRD019', 85, 15, '2026-03-01', '2025-12-20'), -- SIN MOVIMIENTO
('SUR CAFE', 'PRD020', 65, 10, '2026-02-01', '2025-11-15'), -- SIN MOVIMIENTO

-- ============================================
-- TIENDA VALLE
-- ============================================
('VALLE', 'PRD001', 20, 12, '2026-02-20', '2026-03-10'),
('VALLE', 'PRD002', 14, 10, '2026-03-01', '2026-02-25'),
('VALLE', 'PRD003', 40, 12, '2026-01-25', '2026-01-25'),
('VALLE', 'PRD004', 6, 10, '2026-03-05', '2026-02-15'), -- CRÍTICO
('VALLE', 'PRD005', 25, 12, '2026-02-10', '2026-02-10'),
('VALLE', 'PRD006', 18, 8, '2026-01-15', '2026-03-05'),
('VALLE', 'PRD007', 8, 12, '2026-03-01', '2026-01-10'), -- CRÍTICO
('VALLE', 'PRD008', 35, 8, '2026-02-01', '2026-02-01'),
('VALLE', 'PRD009', 20, 8, '2026-03-10', '2026-01-20'),
('VALLE', 'PRD010', 28, 10, '2026-01-10', '2026-01-10'),
('VALLE', 'PRD011', 32, 8, '2026-02-15', '2026-02-15'),
('VALLE', 'PRD012', 4, 10, '2026-03-08', '2026-01-25'), -- CRÍTICO
('VALLE', 'PRD013', 12, 8, '2026-02-28', '2026-02-28'),
('VALLE', 'PRD014', 70, 6, '2026-01-05', '2025-12-01'), -- SIN MOVIMIENTO
('VALLE', 'PRD015', 50, 8, '2026-02-10', '2025-11-10'), -- SIN MOVIMIENTO
('VALLE', 'PRD016', 30, 8, '2026-01-30', '2026-02-28'),
('VALLE', 'PRD017', 55, 10, '2026-02-01', '2026-02-01'),
('VALLE', 'PRD018', 40, 8, '2026-01-20', '2026-01-20'),
('VALLE', 'PRD019', 95, 15, '2026-03-01', '2025-12-20'), -- SIN MOVIMIENTO
('VALLE', 'PRD020', 80, 10, '2026-02-01', '2025-11-20'); -- SIN MOVIMIENTO

-- =====================================================
-- 7. TURNOS DE BARISTAS
-- =====================================================
INSERT INTO turno_barista (tienda_origen, barista_nombre, fecha, hora_inicio, hora_fin, ventas_atendidas, tiempo_promedio_atencion_seg, observacion) VALUES

-- ============================================
-- TIENDA CENTRO
-- ============================================
('CAFE CENTRO', 'Carlos', '2025-01-15', '08:00:00', '14:00:00', 45, 180, NULL),
('CAFE CENTRO', 'María', '2025-01-15', '14:00:00', '20:00:00', 38, 220, NULL),
('CAFE CENTRO', 'Carlos', '2025-02-15', '08:00:00', '14:00:00', 42, 175, NULL),
('CAFE CENTRO', 'María', '2025-02-15', '14:00:00', '20:00:00', 35, 215, NULL),
('CAFE CENTRO', 'Carlos', '2025-03-15', '08:00:00', '14:00:00', 48, 165, NULL),
('CAFE CENTRO', 'María', '2025-03-15', '14:00:00', '20:00:00', 40, 210, NULL),
('CAFE CENTRO', 'Juan', '2025-03-15', '08:00:00', '14:00:00', 30, 240, 'Tiempo de atención alto'),
('CAFE CENTRO', 'María', '2025-03-16', '14:00:00', '20:00:00', 42, 205, NULL),

-- 2026
('CAFE CENTRO', 'Carlos', '2026-01-15', '08:00:00', '14:00:00', 55, 160, NULL),
('CAFE CENTRO', 'María', '2026-01-15', '14:00:00', '20:00:00', 45, 200, NULL),
('CAFE CENTRO', 'Carlos', '2026-02-15', '08:00:00', '14:00:00', 50, 155, NULL),
('CAFE CENTRO', 'María', '2026-02-15', '14:00:00', '20:00:00', 42, 195, NULL),
('CAFE CENTRO', 'Carlos', '2026-03-15', '08:00:00', '14:00:00', 58, 150, NULL),
('CAFE CENTRO', 'María', '2026-03-15', '14:00:00', '20:00:00', 48, 190, NULL),

-- ============================================
-- TIENDA NORTE
-- ============================================
('NORTE CAFE', 'Carlos', '2025-01-15', '08:00:00', '14:00:00', 50, 170, NULL),
('NORTE CAFE', 'Ana', '2025-01-15', '14:00:00', '20:00:00', 40, 230, NULL),
('NORTE CAFE', 'Carlos', '2025-02-15', '08:00:00', '14:00:00', 48, 168, NULL),
('NORTE CAFE', 'Ana', '2025-02-15', '14:00:00', '20:00:00', 38, 225, NULL),
('NORTE CAFE', 'Carlos', '2025-03-15', '08:00:00', '14:00:00', 52, 160, NULL),
('NORTE CAFE', 'Ana', '2025-03-15', '14:00:00', '20:00:00', 42, 218, NULL),

-- 2026
('NORTE CAFE', 'Carlos', '2026-01-15', '08:00:00', '14:00:00', 60, 155, NULL),
('NORTE CAFE', 'Ana', '2026-01-15', '14:00:00', '20:00:00', 48, 210, NULL),
('NORTE CAFE', 'Carlos', '2026-02-15', '08:00:00', '14:00:00', 55, 150, NULL),
('NORTE CAFE', 'Ana', '2026-02-15', '14:00:00', '20:00:00', 44, 205, NULL),
('NORTE CAFE', 'Carlos', '2026-03-15', '08:00:00', '14:00:00', 65, 145, NULL),
('NORTE CAFE', 'Ana', '2026-03-15', '14:00:00', '20:00:00', 50, 200, NULL),

-- ============================================
-- TIENDA SUR
-- ============================================
('SUR CAFE', 'Pedro', '2025-01-15', '08:00:00', '14:00:00', 28, 280, 'Tiempo de atención alto'),
('SUR CAFE', 'Ana', '2025-01-15', '14:00:00', '20:00:00', 25, 310, 'Tiempo de atención alto'),
('SUR CAFE', 'Pedro', '2025-02-15', '08:00:00', '14:00:00', 30, 275, NULL),
('SUR CAFE', 'Ana', '2025-02-15', '14:00:00', '20:00:00', 22, 300, NULL),
('SUR CAFE', 'Pedro', '2025-03-15', '08:00:00', '14:00:00', 32, 270, NULL),
('SUR CAFE', 'Ana', '2025-03-15', '14:00:00', '20:00:00', 28, 295, NULL),

-- 2026
('SUR CAFE', 'Pedro', '2026-01-15', '08:00:00', '14:00:00', 35, 260, NULL),
('SUR CAFE', 'Ana', '2026-01-15', '14:00:00', '20:00:00', 30, 290, NULL),
('SUR CAFE', 'Pedro', '2026-02-15', '08:00:00', '14:00:00', 38, 255, NULL),
('SUR CAFE', 'Ana', '2026-02-15', '14:00:00', '20:00:00', 32, 285, NULL),
('SUR CAFE', 'Pedro', '2026-03-15', '08:00:00', '14:00:00', 40, 250, NULL),
('SUR CAFE', 'Ana', '2026-03-15', '14:00:00', '20:00:00', 35, 280, NULL),

-- ============================================
-- TIENDA VALLE
-- ============================================
('VALLE', 'Luis', '2025-01-15', '08:00:00', '14:00:00', 32, 220, NULL),
('VALLE', 'María', '2025-01-15', '14:00:00', '20:00:00', 28, 250, NULL),
('VALLE', 'Luis', '2025-02-15', '08:00:00', '14:00:00', 35, 215, NULL),
('VALLE', 'María', '2025-02-15', '14:00:00', '20:00:00', 30, 245, NULL),
('VALLE', 'Luis', '2025-03-15', '08:00:00', '14:00:00', 38, 210, NULL),
('VALLE', 'María', '2025-03-15', '14:00:00', '20:00:00', 32, 240, NULL),

-- 2026
('VALLE', 'Luis', '2026-01-15', '08:00:00', '14:00:00', 40, 200, NULL),
('VALLE', 'María', '2026-01-15', '14:00:00', '20:00:00', 35, 235, NULL),
('VALLE', 'Luis', '2026-02-15', '08:00:00', '14:00:00', 42, 195, NULL),
('VALLE', 'María', '2026-02-15', '14:00:00', '20:00:00', 38, 230, NULL),
('VALLE', 'Luis', '2026-03-15', '08:00:00', '14:00:00', 45, 190, NULL),
('VALLE', 'María', '2026-03-15', '14:00:00', '20:00:00', 40, 225, NULL);

-- =====================================================
-- CONSULTAS DE VALIDACIÓN DE PROBLEMAS
-- =====================================================
SELECT tienda_origen, COUNT(*) FROM venta GROUP BY tienda_origen;
SELECT documento_cliente, COUNT(*) FROM venta GROUP BY documento_cliente;
SELECT COUNT(*) AS total_ventas FROM venta;
-- SELECT * FROM detalle_venta WHERE precio_unitario <= 0 OR cantidad >= 20;
-- SELECT * FROM inventario WHERE stock_actual < stock_minimo OR fecha_ultimo_movimiento < '2026-01-01';
-- SELECT barista_nombre, AVG(ventas_atendidas), AVG(tiempo_promedio_atencion_seg) FROM turno_barista GROUP BY barista_nombre;